CustomerID,Gender,Age,Tenure,NumPurchases,AvgPurchaseValue,RecencyDays,Churned,CustomerSegment,TotalSpend,FrequencyPerMonth,LifetimeValue
CUST0001,Male,64,27,39,92.95,341,No,Gold,3625.05,1.44,8017.46
CUST0002,Other,29,32,24,27.8,248,No,Bronze,667.2,0.75,1141.53
CUST0003,Female,33,21,29,88.27,276,No,Silver,2559.83,1.38,5561.29
CUST0004,Female,41,8,34,46.25,264,No,Silver,1572.5,4.25,3466.2
CUST0005,Male,36,38,36,24.3,58,No,Gold,874.8,0.95,1800.88
CUST0006,Male,25,8,22,73.55,302,No,Gold,1618.1,2.75,3889.29
CUST0007,Male,48,50,24,38.5,31,No,Silver,924.0,0.48,1488.56
CUST0008,Female,38,3,20,39.49,249,No,Silver,789.8,6.67,1324.59
CUST0009,Female,34,54,37,44.48,93,No,Gold,1645.76,0.69,3174.12
CUST0010,Female,40,44,28,25.09,265,No,Gold,702.52,0.64,1142.8
CUST0011,Male,54,58,35,34.17,271,No,Gold,1195.95,0.6,2471.19
CUST0012,Other,33,3,25,20.41,94,Yes,Bronze,510.25,8.33,968.66
CUST0013,Female,23,22,32,55.63,154,Yes,Silver,1780.16,1.45,3176.87
CUST0014,Male,25,6,28,26.74,285,No,Bronze,748.72,4.67,1250.35
CUST0015,Male,42,2,25,74.61,80,No,Gold,1865.25,12.5,3423.36
CUST0016,Male,35,23,23,38.85,292,No,Bronze,893.55,1.0,1883.57
CUST0017,Male,42,44,35,95.49,84,No,Gold,3342.15,0.8,6937.59
CUST0018,Female,29,2,23,89.7,37,Yes,Silver,2063.1,11.5,3432.22
CUST0019,Male,32,38,33,43.16,342,No,Bronze,1424.28,0.87,2314.34
CUST0020,Male,43,17,31,82.66,327,No,Silver,2562.46,1.82,3912.05
CUST0021,Female,58,35,30,84.26,232,No,Silver,2527.8,0.86,3823.11
CUST0022,Male,62,34,29,98.93,93,No,Gold,2868.97,0.85,6827.6
CUST0023,Male,43,23,22,67.83,336,No,Gold,1492.26,0.96,2305.67
CUST0024,Male,64,30,26,26.56,102,No,Silver,690.56,0.87,1540.79
CUST0025,Female,49,52,31,71.75,166,No,Silver,2224.25,0.6,5275.89
CUST0026,Female,27,8,36,70.0,159,No,Silver,2520.0,4.5,4027.11
CUST0027,Male,33,22,25,71.07,14,No,Silver,1776.75,1.14,3440.32
CUST0028,Female,24,44,32,44.57,225,Yes,Silver,1426.24,0.73,3511.84
CUST0029,Female,34,58,37,88.77,73,Yes,Gold,3284.49,0.64,7666.46
CUST0030,Male,40,36,27,96.76,249,Yes,Gold,2612.52,0.75,5198.14
CUST0031,Female,43,5,30,37.42,91,No,Bronze,1122.6,6.0,2539.96
CUST0032,Male,38,13,26,27.05,216,No,Gold,703.3,2.0,1641.06
CUST0033,Male,39,29,26,35.56,90,No,Silver,924.56,0.9,1708.61
CUST0034,Other,24,31,31,85.64,29,No,Gold,2654.84,1.0,6350.78
CUST0035,Other,31,47,26,74.13,305,No,Silver,1927.38,0.55,3797.85
CUST0036,Female,32,57,30,70.88,220,No,Silver,2126.4,0.53,4311.93
CUST0037,Male,24,55,30,52.14,328,No,Gold,1564.2,0.55,3910.04
CUST0038,Male,26,16,37,66.23,215,No,Gold,2450.51,2.31,5742.29
CUST0039,Female,68,42,43,44.63,221,No,Silver,1919.09,1.02,3572.9
CUST0040,Male,65,30,33,58.18,42,No,Silver,1919.94,1.1,2899.77
CUST0041,Male,25,57,39,83.45,135,No,Gold,3254.55,0.68,6919.74
CUST0042,Female,67,55,23,98.5,42,No,Silver,2265.5,0.42,4992.97
CUST0043,Male,40,16,24,94.6,164,No,Gold,2270.4,1.5,4883.18
CUST0044,Other,46,12,42,94.71,361,No,Bronze,3977.82,3.5,9816.71
CUST0045,Male,35,17,35,52.18,283,No,Silver,1826.3,2.06,4315.49
CUST0046,Female,48,16,33,57.5,58,Yes,Gold,1897.5,2.06,3697.91
CUST0047,Male,47,12,25,76.45,302,No,Silver,1911.25,2.08,2987.01
CUST0048,Female,69,8,47,93.78,322,No,Silver,4407.66,5.88,8709.8
CUST0049,Female,56,20,26,31.36,25,Yes,Gold,815.36,1.3,1785.02
CUST0050,Male,52,3,28,44.34,73,No,Silver,1241.52,9.33,2616.76
CUST0051,Other,35,16,25,31.14,129,No,Gold,778.5,1.56,1586.69
CUST0052,Female,59,30,29,68.96,87,No,Gold,1999.84,0.97,3937.32
CUST0053,Other,56,45,32,44.5,330,No,Gold,1424.0,0.71,2554.32
CUST0054,Female,34,23,29,46.09,153,No,Silver,1336.61,1.26,2375.62
CUST0055,Female,31,28,31,25.67,182,No,Gold,795.77,1.11,1591.72
CUST0056,Other,48,51,37,47.98,125,Yes,Silver,1775.26,0.73,2948.0
CUST0057,Male,41,40,26,89.0,67,Yes,Silver,2314.0,0.65,4259.35
CUST0058,Male,52,54,29,38.65,6,Yes,Silver,1120.85,0.54,2044.41
CUST0059,Male,61,5,28,75.61,125,No,Silver,2117.08,5.6,4418.63
CUST0060,Male,62,20,26,70.37,314,No,Bronze,1829.62,1.3,2866.43
CUST0061,Male,51,40,26,89.08,326,No,Silver,2316.08,0.65,5395.7
CUST0062,Male,20,56,30,30.58,53,No,Silver,917.4,0.54,1892.03
CUST0063,Female,54,44,31,98.21,66,No,Gold,3044.51,0.7,6609.1
CUST0064,Male,60,1,33,66.61,314,No,Bronze,2198.13,33.0,4842.69
CUST0065,Male,57,57,29,99.64,82,No,Gold,2889.56,0.51,5176.6
CUST0066,Female,43,30,24,92.92,87,No,Silver,2230.08,0.8,4394.09
CUST0067,Male,40,21,33,37.72,2,No,Silver,1244.76,1.57,3057.44
CUST0068,Female,61,20,33,24.49,204,No,Gold,808.17,1.65,1831.88
CUST0069,Male,56,6,36,40.45,150,No,Gold,1456.2,6.0,3596.17
CUST0070,Other,32,22,37,62.21,293,No,Silver,2301.77,1.68,5170.36
CUST0071,Female,66,18,33,33.73,103,Yes,Silver,1113.09,1.83,1865.09
CUST0072,Male,21,8,33,33.4,24,No,Silver,1102.2,4.12,1724.43
CUST0073,Male,46,39,32,57.01,212,No,Bronze,1824.32,0.82,3790.32
CUST0074,Female,39,32,38,22.66,65,No,Gold,861.08,1.19,1599.73
CUST0075,Female,42,33,27,29.75,209,No,Gold,803.25,0.82,1426.14
CUST0076,Female,30,53,29,53.27,251,No,Silver,1544.83,0.55,3564.25
CUST0077,Female,35,16,32,25.05,117,No,Silver,801.6,2.0,1496.58
CUST0078,Male,50,12,32,51.74,116,No,Silver,1655.68,2.67,3008.37
CUST0079,Male,33,38,23,57.92,237,No,Gold,1332.16,0.61,3130.56
CUST0080,Male,62,52,23,56.1,105,No,Silver,1290.3,0.44,3027.41
CUST0081,Female,59,34,32,89.53,259,No,Silver,2864.96,0.94,5318.42
CUST0082,Female,61,14,30,62.4,46,No,Silver,1872.0,2.14,4366.44
CUST0083,Male,19,36,33,57.44,311,No,Silver,1895.52,0.92,4455.95
CUST0084,Male,52,33,29,52.86,331,Yes,Silver,1532.94,0.88,2949.27
CUST0085,Male,59,23,28,85.41,216,No,Silver,2391.48,1.22,3746.19
CUST0086,Male,51,50,35,91.6,301,No,Gold,3206.0,0.7,4814.08
CUST0087,Female,47,45,29,88.26,333,No,Gold,2559.54,0.64,5178.7
CUST0088,Female,30,2,20,73.88,24,No,Silver,1477.6,10.0,2724.81
CUST0089,Female,30,41,37,30.99,35,No,Silver,1146.63,0.9,2863.29
CUST0090,Female,35,21,20,42.15,24,Yes,Silver,843.0,0.95,1915.64
CUST0091,Male,49,2,37,23.69,28,Yes,Silver,876.53,18.5,1982.08
CUST0092,Female,49,27,25,94.47,16,No,Silver,2361.75,0.93,5798.67
CUST0093,Female,52,57,29,72.86,59,No,Bronze,2112.94,0.51,5045.12
CUST0094,Female,56,9,34,79.71,243,No,Gold,2710.14,3.78,4927.54
CUST0095,Female,63,1,38,44.93,207,No,Gold,1707.34,38.0,2844.41
CUST0096,Female,69,11,28,87.65,271,No,Gold,2454.2,2.55,5511.87
CUST0097,Female,46,3,28,40.77,249,No,Silver,1141.56,9.33,2144.16
CUST0098,Male,66,52,30,20.13,267,No,Silver,603.9,0.58,1191.6
CUST0099,Male,46,23,32,50.11,193,Yes,Gold,1603.52,1.39,3416.14
CUST0100,Male,61,26,27,65.66,335,No,Silver,1772.82,1.04,4268.72
CUST0101,Male,33,4,28,58.3,218,No,Gold,1632.4,7.0,3132.72
CUST0102,Female,61,18,28,88.97,115,Yes,Silver,2491.16,1.56,5688.11
CUST0103,Male,64,55,31,28.43,68,No,Silver,881.33,0.56,1558.49
CUST0104,Female,27,6,36,64.31,299,No,Silver,2315.16,6.0,5088.66
CUST0105,Other,47,35,36,61.04,325,No,Gold,2197.44,1.03,3299.63
CUST0106,Male,42,22,31,42.51,75,No,Bronze,1317.81,1.41,3125.2
CUST0107,Male,56,43,30,85.78,103,Yes,Silver,2573.4,0.7,3938.28
CUST0108,Female,37,15,22,80.23,297,No,Gold,1765.06,1.47,3905.64
CUST0109,Male,22,22,40,78.63,178,No,Gold,3145.2,1.82,4863.29
CUST0110,Male,18,37,28,90.1,215,No,Silver,2522.8,0.76,4455.88
CUST0111,Male,47,52,23,77.82,315,Yes,Bronze,1789.86,0.44,3574.71
CUST0112,Male,66,42,23,38.55,39,No,Bronze,886.65,0.55,1702.31
CUST0113,Other,20,12,28,76.45,259,No,Silver,2140.6,2.33,3621.54
CUST0114,Female,62,47,30,44.62,204,No,Bronze,1338.6,0.64,2454.74
CUST0115,Female,31,49,21,39.37,7,No,Gold,826.77,0.43,1841.8
CUST0116,Female,47,42,23,25.84,49,No,Gold,594.32,0.55,1289.23
CUST0117,Female,67,38,30,79.52,26,No,Bronze,2385.6,0.79,3749.72
CUST0118,Male,21,18,26,76.88,161,No,Silver,1998.88,1.44,4492.11
CUST0119,Female,35,45,28,38.76,357,No,Silver,1085.28,0.62,1685.49
CUST0120,Female,54,35,33,79.95,176,No,Silver,2638.35,0.94,5389.95
CUST0121,Female,42,30,30,93.43,79,Yes,Bronze,2802.9,1.0,4933.28
CUST0122,Female,65,24,25,28.64,2,Yes,Silver,716.0,1.04,1494.79
CUST0123,Male,18,42,31,38.61,132,No,Bronze,1196.91,0.74,2108.15
CUST0124,Male,63,30,25,80.02,276,No,Silver,2000.5,0.83,4971.16
CUST0125,Male,32,14,34,41.96,117,No,Gold,1426.64,2.43,2581.83
CUST0126,Male,26,6,27,69.97,164,No,Bronze,1889.19,4.5,3290.89
CUST0127,Female,32,3,29,26.49,288,No,Gold,768.21,9.67,1366.23
CUST0128,Female,66,16,23,56.18,28,Yes,Bronze,1292.14,1.44,3096.58
CUST0129,Male,41,7,32,79.13,333,Yes,Silver,2532.16,4.57,5409.25
CUST0130,Female,21,52,29,74.92,1,Yes,Silver,2172.68,0.56,4846.56
CUST0131,Male,29,14,34,85.21,188,No,Silver,2897.14,2.43,7005.31
CUST0132,Male,54,9,19,90.2,56,No,Gold,1713.8,2.11,4133.47
CUST0133,Male,54,15,29,81.85,35,Yes,Gold,2373.65,1.93,5314.47
CUST0134,Male,60,21,30,73.73,112,No,Bronze,2211.9,1.43,3755.42
CUST0135,Other,23,35,34,22.54,286,No,Bronze,766.36,0.97,1795.87
CUST0136,Male,56,2,27,62.8,310,No,Silver,1695.6,13.5,2888.92
CUST0137,Female,63,27,30,23.02,36,No,Bronze,690.6,1.11,1548.95
CUST0138,Female,41,2,29,84.65,217,No,Bronze,2454.85,14.5,5365.33
CUST0139,Male,28,35,39,45.66,80,No,Silver,1780.74,1.11,4022.49
CUST0140,Other,30,18,29,64.99,314,No,Gold,1884.71,1.61,3831.02
CUST0141,Other,51,14,32,42.36,83,No,Bronze,1355.52,2.29,2899.09
CUST0142,Male,42,20,35,82.6,65,No,Silver,2891.0,1.75,7092.55
CUST0143,Female,24,18,27,90.92,325,No,Bronze,2454.84,1.5,3930.42
CUST0144,Male,69,10,27,51.89,128,No,Bronze,1401.03,2.7,2534.25
CUST0145,Male,21,25,25,89.03,307,No,Bronze,2225.75,1.0,4699.35
CUST0146,Male,25,2,30,41.37,22,No,Silver,1241.1,15.0,3058.14
CUST0147,Female,37,25,32,62.77,216,No,Gold,2008.64,1.28,3204.93
CUST0148,Female,46,54,27,88.7,107,No,Silver,2394.9,0.5,3646.35
CUST0149,Male,68,33,30,46.07,109,No,Silver,1382.1,0.91,2150.2
CUST0150,Male,62,36,27,96.32,357,No,Gold,2600.64,0.75,4037.25
CUST0151,Other,63,31,20,29.75,181,No,Silver,595.0,0.65,1432.65
CUST0152,Male,27,14,33,21.46,356,No,Silver,708.18,2.36,1573.05
CUST0153,Male,60,1,28,92.33,164,No,Bronze,2585.24,28.0,5628.34
CUST0154,Female,51,46,26,25.49,68,No,Gold,662.74,0.57,1340.44
CUST0155,Other,43,16,31,99.35,292,No,Silver,3079.85,1.94,7028.07
CUST0156,Male,58,54,31,96.11,180,No,Gold,2979.41,0.57,4932.85
CUST0157,Female,66,46,37,30.96,181,No,Gold,1145.52,0.8,2167.26
CUST0158,Female,20,52,25,63.01,169,No,Gold,1575.25,0.48,3134.75
CUST0159,Male,23,3,23,34.79,22,No,Silver,800.17,7.67,1288.6
CUST0160,Female,22,35,33,54.25,66,No,Gold,1790.25,0.94,3436.41
CUST0161,Male,22,41,37,24.91,21,No,Silver,921.67,0.9,1674.22
CUST0162,Female,64,6,26,37.91,100,Yes,Gold,985.66,4.33,1513.56
CUST0163,Female,40,25,26,49.06,300,No,Bronze,1275.56,1.04,2087.75
CUST0164,Female,66,13,31,55.09,103,No,Bronze,1707.79,2.38,3866.5
CUST0165,Male,26,53,31,98.2,47,No,Bronze,3044.2,0.58,4621.21
CUST0166,Female,52,34,29,84.63,39,Yes,Bronze,2454.27,0.85,5974.31
CUST0167,Male,37,8,24,78.99,285,No,Bronze,1895.76,3.0,3007.48
CUST0168,Male,66,21,37,62.96,310,Yes,Bronze,2329.52,1.76,5356.12
CUST0169,Male,59,34,36,87.2,90,No,Silver,3139.2,1.06,7529.74
CUST0170,Female,52,4,32,47.15,85,No,Gold,1508.8,8.0,3683.19
CUST0171,Female,67,25,29,76.71,273,No,Gold,2224.59,1.16,5266.67
CUST0172,Male,35,15,27,99.5,336,No,Gold,2686.5,1.8,4802.25
CUST0173,Female,34,4,31,45.17,188,No,Silver,1400.27,7.75,2566.82
CUST0174,Male,41,45,39,73.92,159,No,Silver,2882.88,0.87,5554.0
CUST0175,Female,20,12,28,87.55,243,Yes,Bronze,2451.4,2.33,4018.57
CUST0176,Male,49,32,34,93.26,73,No,Bronze,3170.84,1.06,4826.88
CUST0177,Female,52,32,28,77.43,49,No,Silver,2168.04,0.88,5136.35
CUST0178,Male,55,28,24,42.69,101,No,Silver,1024.56,0.86,2104.58
CUST0179,Other,30,13,34,46.1,2,No,Bronze,1567.4,2.62,3305.21
CUST0180,Male,64,31,38,21.66,244,No,Gold,823.08,1.23,1997.61
CUST0181,Male,42,14,29,80.87,176,Yes,Silver,2345.23,2.07,5077.7
CUST0182,Male,26,20,41,23.42,238,No,Gold,960.22,2.05,2103.7
CUST0183,Other,21,18,40,89.17,59,No,Silver,3566.8,2.22,8157.16
CUST0184,Female,31,29,23,29.49,353,No,Gold,678.27,0.79,1096.32
CUST0185,Male,54,6,37,33.75,99,No,Bronze,1248.75,6.17,2322.88
CUST0186,Female,51,32,29,58.12,359,No,Silver,1685.48,0.91,4160.12
CUST0187,Female,28,29,41,79.03,2,No,Gold,3240.23,1.41,7850.85
CUST0188,Female,58,43,22,31.12,243,No,Gold,684.64,0.51,1632.23
CUST0189,Female,20,2,31,55.21,297,No,Silver,1711.51,15.5,3341.02
CUST0190,Male,45,23,36,58.63,211,Yes,Bronze,2110.68,1.57,4975.28
CUST0191,Male,46,19,23,36.98,123,Yes,Silver,850.54,1.21,1316.97
CUST0192,Female,26,31,37,29.24,229,No,Silver,1081.88,1.19,1783.5
CUST0193,Other,20,51,26,86.91,82,No,Silver,2259.66,0.51,4324.92
CUST0194,Female,42,5,26,60.2,144,No,Silver,1565.2,5.2,3104.41
CUST0195,Male,51,19,22,21.15,140,No,Silver,465.3,1.16,820.56
CUST0196,Male,29,34,28,84.24,29,No,Silver,2358.72,0.82,4378.91
CUST0197,Female,59,10,30,98.46,270,No,Silver,2953.8,3.0,4911.51
CUST0198,Female,26,25,32,68.47,247,No,Silver,2191.04,1.28,4358.27
CUST0199,Female,32,2,24,60.3,12,No,Silver,1447.2,12.0,3319.65
CUST0200,Female,57,11,29,90.27,355,No,Bronze,2617.83,2.64,5658.07
CUST0201,Female,42,50,28,96.2,337,No,Bronze,2693.6,0.56,4330.75
CUST0202,Male,22,31,34,80.36,106,No,Silver,2732.24,1.1,5430.55
CUST0203,Male,28,56,35,55.64,32,No,Silver,1947.4,0.62,4279.7
CUST0204,Female,51,15,40,67.38,74,No,Gold,2695.2,2.67,5470.97
CUST0205,Female,41,9,29,76.07,171,Yes,Bronze,2206.03,3.22,4173.09
CUST0206,Male,32,23,21,35.54,337,No,Silver,746.34,0.91,1583.67
CUST0207,Male,55,19,33,55.78,69,No,Gold,1840.74,1.74,4544.12
CUST0208,Female,25,9,35,86.39,301,No,Silver,3023.65,3.89,4822.44
CUST0209,Male,22,35,22,72.38,362,Yes,Bronze,1592.36,0.63,3009.59
CUST0210,Male,65,21,36,52.9,137,No,Gold,1904.4,1.71,3630.94
CUST0211,Female,43,9,42,73.07,100,No,Silver,3068.94,4.67,6374.09
CUST0212,Female,35,28,34,29.46,146,No,Silver,1001.64,1.21,1654.88
CUST0213,Female,23,46,39,52.12,9,No,Gold,2032.68,0.85,3408.08
CUST0214,Male,54,51,34,83.45,62,No,Gold,2837.3,0.67,5065.61
CUST0215,Female,65,7,26,37.64,185,Yes,Bronze,978.64,3.71,2403.41
CUST0216,Male,30,16,23,34.88,29,No,Bronze,802.24,1.44,1792.29
CUST0217,Male,45,16,31,96.07,114,No,Gold,2978.17,1.94,6437.89
CUST0218,Female,22,33,28,36.79,143,No,Bronze,1030.12,0.85,2386.74
CUST0219,Female,30,4,24,40.87,120,No,Silver,980.88,6.0,1596.46
CUST0220,Female,34,4,27,97.57,170,No,Silver,2634.39,6.75,6215.4
CUST0221,Female,67,39,34,78.78,157,No,Silver,2678.52,0.87,5611.05
CUST0222,Female,57,40,32,75.97,335,No,Bronze,2431.04,0.8,4461.76
CUST0223,Male,62,17,31,88.23,349,No,Silver,2735.13,1.82,6334.17
CUST0224,Male,49,37,31,29.27,260,No,Gold,907.37,0.84,2089.28
CUST0225,Male,46,39,33,76.48,82,No,Bronze,2523.84,0.85,5920.19
CUST0226,Male,68,52,36,60.3,242,No,Silver,2170.8,0.69,3506.97
CUST0227,Other,20,29,26,86.33,172,No,Gold,2244.58,0.9,5542.68
CUST0228,Male,57,52,32,60.65,231,No,Silver,1940.8,0.62,4773.64
CUST0229,Female,51,36,19,69.62,208,No,Silver,1322.78,0.53,2457.02
CUST0230,Female,57,38,25,58.22,75,No,Bronze,1455.5,0.66,2279.16
CUST0231,Female,44,39,32,58.25,270,No,Silver,1864.0,0.82,3107.39
CUST0232,Female,30,50,31,81.44,114,Yes,Gold,2524.64,0.62,6293.5
CUST0233,Female,62,37,25,70.29,62,No,Silver,1757.25,0.68,3625.23
CUST0234,Female,50,52,32,70.66,362,No,Silver,2261.12,0.62,4198.04
CUST0235,Male,23,35,36,56.02,320,Yes,Gold,2016.72,1.03,3606.3
CUST0236,Female,41,7,30,62.49,102,No,Silver,1874.7,4.29,3293.83
CUST0237,Male,36,27,24,79.66,362,No,Bronze,1911.84,0.89,4137.51
CUST0238,Male,33,28,27,86.08,210,No,Gold,2324.16,0.96,4460.96
CUST0239,Female,57,22,31,75.72,255,No,Silver,2347.32,1.41,5787.11
CUST0240,Male,45,14,33,93.93,20,No,Silver,3099.69,2.36,6769.24
CUST0241,Other,50,7,40,85.63,58,No,Gold,3425.2,5.71,7850.71
CUST0242,Other,65,37,25,64.95,112,Yes,Silver,1623.75,0.68,2910.96
CUST0243,Other,58,22,29,73.71,313,No,Silver,2137.59,1.32,3375.65
CUST0244,Male,30,5,34,94.1,196,Yes,Bronze,3199.4,6.8,6359.84
CUST0245,Male,60,55,34,69.53,353,No,Gold,2364.02,0.62,4289.71
CUST0246,Other,62,2,24,85.98,92,No,Silver,2063.52,12.0,3512.28
CUST0247,Male,42,27,31,75.1,52,No,Gold,2328.1,1.15,5710.0
CUST0248,Other,59,21,30,64.15,293,No,Bronze,1924.5,1.43,3741.21
CUST0249,Other,53,54,33,39.35,8,No,Silver,1298.55,0.61,2174.69
CUST0250,Female,44,38,28,54.08,300,Yes,Silver,1514.24,0.74,2572.16
CUST0251,Male,55,15,22,97.42,98,No,Gold,2143.24,1.47,3816.49
CUST0252,Male,24,21,30,72.62,236,No,Silver,2178.6,1.43,5445.01
CUST0253,Female,22,10,43,65.15,69,No,Gold,2801.45,4.3,4953.0
CUST0254,Male,60,23,25,94.64,45,Yes,Bronze,2366.0,1.09,4326.95
CUST0255,Male,62,58,39,66.92,137,No,Silver,2609.88,0.67,5635.59
CUST0256,Female,68,56,25,62.09,234,No,Silver,1552.25,0.45,2784.68
CUST0257,Other,48,39,34,80.74,32,No,Silver,2745.16,0.87,4710.16
CUST0258,Female,40,5,33,77.01,289,No,Silver,2541.33,6.6,4215.14
CUST0259,Female,59,1,28,35.45,126,No,Silver,992.6,28.0,1799.27
CUST0260,Male,27,13,35,57.7,67,No,Silver,2019.5,2.69,3243.15
CUST0261,Female,49,21,25,57.8,30,No,Silver,1445.0,1.19,2194.44
CUST0262,Other,60,26,32,50.26,114,No,Silver,1608.32,1.23,3706.6
CUST0263,Male,47,50,35,61.38,204,No,Silver,2148.3,0.7,3518.69
CUST0264,Female,56,45,31,53.05,29,No,Gold,1644.55,0.69,3742.96
CUST0265,Female,48,21,24,35.95,131,No,Bronze,862.8,1.14,1982.32
CUST0266,Female,35,53,35,52.99,185,No,Silver,1854.65,0.66,3779.63
CUST0267,Female,53,18,26,25.78,253,No,Silver,670.28,1.44,1212.99
CUST0268,Female,19,37,38,66.06,286,Yes,Bronze,2510.28,1.03,4129.49
CUST0269,Male,31,45,38,88.29,62,No,Gold,3355.02,0.84,7504.53
CUST0270,Male,30,32,30,78.02,3,No,Bronze,2340.6,0.94,4918.51
CUST0271,Female,46,36,30,48.83,68,No,Bronze,1464.9,0.83,3157.52
CUST0272,Female,29,17,21,26.97,25,No,Bronze,566.37,1.24,854.46
CUST0273,Female,56,35,19,36.17,179,No,Bronze,687.23,0.54,1668.26
CUST0274,Other,19,49,26,63.64,141,Yes,Silver,1654.64,0.53,2591.65
CUST0275,Female,49,11,31,36.56,231,No,Gold,1133.36,2.82,2115.76
CUST0276,Female,30,21,34,63.52,300,No,Silver,2159.68,1.62,4109.25
CUST0277,Female,63,52,43,38.53,163,No,Silver,1656.79,0.83,2487.43
CUST0278,Female,44,55,33,87.91,311,No,Gold,2901.03,0.6,5793.62
CUST0279,Female,66,53,29,51.78,130,No,Silver,1501.62,0.55,3382.86
CUST0280,Female,58,26,31,39.64,246,No,Silver,1228.84,1.19,2854.93
CUST0281,Female,34,4,27,84.99,297,No,Bronze,2294.73,6.75,5460.07
CUST0282,Male,57,34,23,47.43,172,No,Bronze,1090.89,0.68,2168.38
CUST0283,Male,48,52,38,28.92,64,No,Bronze,1098.96,0.73,2341.48
CUST0284,Male,51,48,28,65.63,31,No,Silver,1837.64,0.58,2902.59
CUST0285,Female,41,18,31,66.53,47,No,Bronze,2062.43,1.72,4100.19
CUST0286,Male,62,40,26,77.18,130,No,Bronze,2006.68,0.65,3320.69
CUST0287,Female,52,35,31,39.22,352,Yes,Silver,1215.82,0.89,2273.15
CUST0288,Female,65,41,32,55.5,333,Yes,Gold,1776.0,0.78,3248.85
CUST0289,Male,23,29,26,42.59,110,No,Bronze,1107.34,0.9,2130.01
CUST0290,Female,36,52,29,26.48,69,Yes,Bronze,767.92,0.56,1590.85
CUST0291,Male,47,29,36,90.13,58,No,Silver,3244.68,1.24,7796.57
CUST0292,Male,24,38,34,78.31,106,No,Gold,2662.54,0.89,5044.14
CUST0293,Female,27,42,27,44.12,300,No,Silver,1191.24,0.64,2955.62
CUST0294,Male,58,21,30,67.95,330,No,Gold,2038.5,1.43,4605.03
CUST0295,Male,49,42,17,36.1,256,No,Bronze,613.7,0.4,1234.45
CUST0296,Female,51,13,40,91.22,312,No,Bronze,3648.8,3.08,7823.12
CUST0297,Female,45,49,31,29.19,171,No,Gold,904.89,0.63,1449.84
CUST0298,Male,32,41,31,20.31,162,No,Silver,629.61,0.76,1476.13
CUST0299,Female,47,17,28,60.16,286,No,Gold,1684.48,1.65,3507.69
CUST0300,Male,54,56,25,66.65,71,No,Silver,1666.25,0.45,4142.41
CUST0301,Male,46,9,38,66.32,255,No,Silver,2520.16,4.22,5384.14
CUST0302,Female,39,41,24,24.36,55,No,Silver,584.64,0.59,1364.61
CUST0303,Female,21,1,34,45.12,323,No,Silver,1534.08,34.0,3528.02
CUST0304,Female,37,2,29,59.94,3,Yes,Gold,1738.26,14.5,3207.89
CUST0305,Female,49,48,32,37.33,26,No,Silver,1194.56,0.67,2101.96
CUST0306,Other,53,29,36,89.81,313,No,Gold,3233.16,1.24,6241.59
CUST0307,Female,67,33,26,26.97,126,No,Silver,701.22,0.79,1379.47
CUST0308,Male,21,10,28,58.99,53,No,Gold,1651.72,2.8,2874.13
CUST0309,Female,44,50,34,75.31,198,No,Silver,2560.54,0.68,6131.46
CUST0310,Male,34,58,23,40.94,299,No,Bronze,941.62,0.4,1923.3
CUST0311,Male,29,40,29,69.94,188,No,Bronze,2028.26,0.72,5026.93
CUST0312,Male,39,21,30,86.35,186,Yes,Bronze,2590.5,1.43,5984.1
CUST0313,Male,34,28,32,35.23,305,No,Bronze,1127.36,1.14,2317.52
CUST0314,Other,27,11,28,93.38,298,No,Gold,2614.64,2.55,6398.13
CUST0315,Female,18,55,32,64.28,204,No,Gold,2056.96,0.58,4123.95
CUST0316,Female,39,34,31,43.94,11,No,Silver,1362.14,0.91,3251.57
CUST0317,Male,43,8,33,54.47,359,No,Bronze,1797.51,4.12,3340.03
CUST0318,Male,35,59,24,44.98,354,No,Bronze,1079.52,0.41,2028.03
CUST0319,Male,67,22,22,78.01,146,No,Gold,1716.22,1.0,3291.93
CUST0320,Male,31,8,37,83.7,85,No,Silver,3096.9,4.62,6338.19
CUST0321,Female,64,49,14,86.63,100,Yes,Gold,1212.82,0.29,2490.51
CUST0322,Female,46,15,23,98.86,104,No,Silver,2273.78,1.53,4539.37
CUST0323,Female,29,17,33,83.3,46,No,Silver,2748.9,1.94,4964.52
CUST0324,Male,53,23,22,68.11,44,No,Gold,1498.42,0.96,3636.97
CUST0325,Other,52,24,33,47.14,278,Yes,Silver,1555.62,1.38,3249.05
CUST0326,Female,69,45,31,63.57,181,No,Silver,1970.67,0.69,3759.52
CUST0327,Female,29,19,30,23.29,187,No,Silver,698.7,1.58,1503.03
CUST0328,Female,24,5,28,79.59,114,Yes,Gold,2228.52,5.6,5054.21
CUST0329,Male,46,32,23,55.68,255,No,Bronze,1280.64,0.72,3151.31
CUST0330,Male,28,44,32,21.6,30,No,Silver,691.2,0.73,1382.09
CUST0331,Male,50,1,21,25.0,264,No,Bronze,525.0,21.0,846.35
CUST0332,Female,23,23,30,51.0,98,No,Bronze,1530.0,1.3,2969.37
CUST0333,Male,64,37,30,66.67,313,No,Gold,2000.1,0.81,3958.14
CUST0334,Male,32,8,29,57.14,329,Yes,Gold,1657.06,3.62,3971.96
CUST0335,Male,49,13,30,69.54,115,Yes,Silver,2086.2,2.31,3952.93
CUST0336,Male,68,8,42,58.42,276,No,Gold,2453.64,5.25,6019.57
CUST0337,Female,28,57,37,72.94,281,No,Bronze,2698.78,0.65,5357.43
CUST0338,Female,40,23,33,37.53,275,No,Silver,1238.49,1.43,3063.75
CUST0339,Female,43,43,27,29.03,261,No,Bronze,783.81,0.63,1182.14
CUST0340,Male,51,1,30,67.71,331,No,Gold,2031.3,30.0,4872.71
CUST0341,Female,63,45,27,58.78,207,No,Silver,1587.06,0.6,3858.33
CUST0342,Female,51,51,32,22.15,328,No,Silver,708.8,0.63,1744.37
CUST0343,Male,46,24,24,50.44,211,Yes,Gold,1210.56,1.0,1831.67
CUST0344,Male,21,35,24,28.49,215,No,Silver,683.76,0.69,1143.04
CUST0345,Male,34,24,40,62.51,40,No,Bronze,2500.4,1.67,5385.27
CUST0346,Female,52,17,37,51.66,26,No,Silver,1911.42,2.18,2915.82
CUST0347,Female,30,5,26,69.05,27,No,Silver,1795.3,5.2,2807.15
CUST0348,Male,58,20,21,84.45,190,No,Gold,1773.45,1.05,3052.25
CUST0349,Male,56,21,33,43.97,83,No,Silver,1451.01,1.57,2920.07
CUST0350,Female,32,40,25,96.97,170,Yes,Bronze,2424.25,0.62,4959.78
CUST0351,Female,46,58,34,62.85,167,No,Bronze,2136.9,0.59,3278.56
CUST0352,Female,46,31,35,69.46,188,No,Silver,2431.1,1.13,4060.83
CUST0353,Female,28,46,27,74.45,169,No,Bronze,2010.15,0.59,4019.71
CUST0354,Male,69,36,39,73.34,289,No,Silver,2860.26,1.08,5989.21
CUST0355,Male,49,11,22,60.88,229,No,Gold,1339.36,2.0,2207.8
CUST0356,Female,19,52,24,54.3,97,Yes,Gold,1303.2,0.46,2474.57
CUST0357,Male,64,15,25,24.3,16,No,Bronze,607.5,1.67,1460.67
CUST0358,Female,31,19,20,21.77,279,No,Gold,435.4,1.05,1088.02
CUST0359,Other,37,7,30,48.64,135,No,Silver,1459.2,4.29,3629.34
CUST0360,Female,39,51,32,46.69,26,Yes,Silver,1494.08,0.63,3558.41
CUST0361,Male,28,28,33,51.02,352,No,Silver,1683.66,1.18,3189.96
CUST0362,Female,44,51,31,31.07,12,No,Silver,963.17,0.61,2106.04
CUST0363,Female,20,43,40,79.05,72,No,Gold,3162.0,0.93,6060.26
CUST0364,Female,34,58,29,88.56,133,No,Gold,2568.24,0.5,5517.93
CUST0365,Other,61,5,29,95.1,106,No,Silver,2757.9,5.8,4990.23
CUST0366,Male,45,5,31,59.39,220,No,Silver,1841.09,6.2,3877.71
CUST0367,Other,46,30,33,76.07,177,No,Silver,2510.31,1.1,5080.26
CUST0368,Other,38,54,31,88.44,282,No,Silver,2741.64,0.57,4179.58
CUST0369,Male,64,32,33,53.46,133,No,Gold,1764.18,1.03,4041.21
CUST0370,Male,33,8,30,44.75,22,No,Bronze,1342.5,3.75,2029.72
CUST0371,Male,54,10,22,94.94,269,No,Silver,2088.68,2.2,3745.33
CUST0372,Male,37,38,32,61.25,161,No,Gold,1960.0,0.84,2951.61
CUST0373,Male,23,47,41,59.78,107,No,Silver,2450.98,0.87,4598.53
CUST0374,Female,36,32,35,34.27,279,No,Bronze,1199.45,1.09,1874.93
CUST0375,Male,22,48,28,28.65,353,No,Bronze,802.2,0.58,1936.12
CUST0376,Male,20,28,32,87.37,235,No,Gold,2795.84,1.14,5355.93
CUST0377,Female,18,17,41,69.13,18,No,Silver,2834.33,2.41,5553.86
CUST0378,Male,55,31,41,46.07,242,Yes,Gold,1888.87,1.32,3494.13
CUST0379,Female,32,8,34,35.34,117,Yes,Gold,1201.56,4.25,2556.33
CUST0380,Male,51,40,34,64.44,286,No,Silver,2190.96,0.85,5005.05
CUST0381,Male,52,25,33,66.71,282,No,Silver,2201.43,1.32,4728.99
CUST0382,Female,66,9,34,36.56,144,No,Silver,1243.04,3.78,2794.61
CUST0383,Female,42,2,38,88.11,205,No,Silver,3348.18,19.0,8055.63
CUST0384,Female,41,15,36,26.74,39,No,Gold,962.64,2.4,2275.24
CUST0385,Female,29,50,25,48.49,154,No,Silver,1212.25,0.5,2635.5
CUST0386,Female,35,3,33,74.43,176,No,Gold,2456.19,11.0,4211.48
CUST0387,Male,32,49,25,41.93,241,No,Gold,1048.25,0.51,2240.85
CUST0388,Male,61,36,36,86.21,134,No,Silver,3103.56,1.0,6226.0
CUST0389,Female,33,4,39,79.19,46,No,Silver,3088.41,9.75,6847.68
CUST0390,Female,44,14,28,83.12,50,No,Gold,2327.36,2.0,5429.57
CUST0391,Other,25,41,28,29.53,166,Yes,Silver,826.84,0.68,1854.37
CUST0392,Male,63,41,25,31.24,106,Yes,Gold,781.0,0.61,1832.66
CUST0393,Male,42,25,31,42.92,216,Yes,Gold,1330.52,1.24,2080.76
CUST0394,Female,34,58,27,61.45,146,No,Silver,1659.15,0.47,2541.19
CUST0395,Male,46,55,28,79.84,72,No,Gold,2235.52,0.51,3931.16
CUST0396,Other,25,50,26,86.92,330,No,Silver,2259.92,0.52,5425.31
CUST0397,Female,32,10,28,76.35,273,No,Gold,2137.8,2.8,4967.52
CUST0398,Male,44,21,26,94.29,247,No,Silver,2451.54,1.24,5351.04
CUST0399,Female,63,36,29,79.1,186,No,Gold,2293.9,0.81,5048.32
CUST0400,Female,67,12,35,44.5,70,No,Gold,1557.5,2.92,3468.04
CUST0401,Male,69,27,37,41.21,150,Yes,Silver,1524.77,1.37,3724.41
CUST0402,Other,24,40,35,75.7,246,No,Bronze,2649.5,0.88,6179.14
CUST0403,Female,20,2,37,35.43,262,No,Gold,1310.91,18.5,2783.57
CUST0404,Female,46,54,36,27.42,26,Yes,Silver,987.12,0.67,2137.82
CUST0405,Male,61,13,30,62.58,140,No,Silver,1877.4,2.31,3217.38
CUST0406,Female,41,53,35,85.73,99,No,Silver,3000.55,0.66,6473.14
CUST0407,Male,20,32,30,28.11,278,No,Bronze,843.3,0.94,1623.08
CUST0408,Male,37,31,32,83.35,51,Yes,Gold,2667.2,1.03,4408.78
CUST0409,Other,63,16,31,84.93,151,Yes,Bronze,2632.83,1.94,6072.37
CUST0410,Male,32,32,29,58.58,104,No,Silver,1698.82,0.91,3415.05
CUST0411,Male,42,32,25,24.58,89,Yes,Silver,614.5,0.78,1522.38
CUST0412,Other,47,34,34,33.97,141,No,Bronze,1154.98,1.0,2057.8
CUST0413,Other,31,11,28,76.59,213,No,Silver,2144.52,2.55,4247.59
CUST0414,Female,24,10,22,76.94,233,Yes,Silver,1692.68,2.2,3297.33
CUST0415,Female,34,15,34,91.87,183,No,Silver,3123.58,2.27,5062.63
CUST0416,Male,61,17,36,66.61,251,No,Silver,2397.96,2.12,4618.75
CUST0417,Male,37,40,35,29.93,9,Yes,Gold,1047.55,0.88,1872.55
CUST0418,Male,53,18,40,29.71,79,No,Silver,1188.4,2.22,1973.12
CUST0419,Female,26,55,31,77.69,52,No,Gold,2408.39,0.56,4292.13
CUST0420,Female,55,9,34,34.7,269,No,Bronze,1179.8,3.78,2044.89
CUST0421,Female,65,25,37,46.27,226,No,Bronze,1711.99,1.48,3824.71
CUST0422,Female,39,40,25,58.98,51,No,Silver,1474.5,0.62,2257.13
CUST0423,Male,19,59,35,21.98,186,No,Silver,769.3,0.59,1628.96
CUST0424,Female,41,14,28,39.91,34,No,Gold,1117.48,2.0,2526.24
CUST0425,Male,25,58,25,52.63,291,No,Gold,1315.75,0.43,2606.14
CUST0426,Female,28,25,38,42.37,230,No,Bronze,1610.06,1.52,3914.97
CUST0427,Male,30,50,36,30.91,131,No,Gold,1112.76,0.72,2456.84
CUST0428,Female,34,22,30,78.24,120,Yes,Silver,2347.2,1.36,5276.33
CUST0429,Male,25,52,38,85.05,326,No,Bronze,3231.9,0.73,5484.32
CUST0430,Male,38,30,29,40.6,247,No,Bronze,1177.4,0.97,2681.29
CUST0431,Male,35,20,29,81.95,192,Yes,Silver,2376.55,1.45,5542.34
CUST0432,Female,47,21,34,50.84,323,No,Silver,1728.56,1.62,3217.31
CUST0433,Female,35,44,30,60.53,210,Yes,Silver,1815.9,0.68,3111.3
CUST0434,Male,63,32,30,88.48,103,Yes,Bronze,2654.4,0.94,5003.68
CUST0435,Male,64,51,27,80.0,329,No,Silver,2160.0,0.53,4837.55
CUST0436,Female,48,46,27,84.41,133,No,Silver,2279.07,0.59,4370.43
CUST0437,Male,55,49,22,30.95,323,Yes,Gold,680.9,0.45,1522.94
CUST0438,Female,49,56,31,25.58,139,No,Gold,792.98,0.55,1279.52
CUST0439,Female,28,21,25,91.47,121,No,Silver,2286.75,1.19,5273.27
CUST0440,Male,62,35,24,51.03,94,Yes,Bronze,1224.72,0.69,2147.19
CUST0441,Male,42,58,26,43.03,129,No,Bronze,1118.78,0.45,1956.67
CUST0442,Other,50,32,34,77.98,91,No,Bronze,2651.32,1.06,5542.27
CUST0443,Male,55,30,33,86.91,92,No,Silver,2868.03,1.1,4503.15
CUST0444,Male,58,55,34,89.0,63,No,Silver,3026.0,0.62,4618.58
CUST0445,Female,25,39,27,45.28,29,No,Bronze,1222.56,0.69,2152.96
CUST0446,Other,28,49,31,88.18,210,No,Silver,2733.58,0.63,5571.22
CUST0447,Other,39,12,42,23.27,12,No,Silver,977.34,3.5,2353.06
CUST0448,Female,68,41,30,23.97,333,No,Silver,719.1,0.73,1687.32
CUST0449,Male,41,47,30,69.88,297,No,Bronze,2096.4,0.64,4172.77
CUST0450,Male,58,18,35,25.05,130,Yes,Gold,876.75,1.94,1347.61
CUST0451,Female,34,21,35,45.97,293,No,Bronze,1608.95,1.67,3274.62
CUST0452,Female,29,13,37,73.82,173,No,Gold,2731.34,2.85,6022.05
CUST0453,Male,63,21,28,46.98,208,Yes,Silver,1315.44,1.33,2419.31
CUST0454,Other,49,8,25,34.37,24,Yes,Silver,859.25,3.12,1384.31
CUST0455,Male,32,46,33,42.51,99,No,Silver,1402.83,0.72,2495.03
CUST0456,Female,33,40,29,56.61,356,No,Silver,1641.69,0.72,3729.24
CUST0457,Male,39,46,25,58.03,139,Yes,Bronze,1450.75,0.54,2685.69
CUST0458,Female,45,7,26,82.64,314,No,Silver,2148.64,3.71,4967.62
CUST0459,Male,37,23,30,80.01,174,No,Gold,2400.3,1.3,4367.4
CUST0460,Male,50,44,28,56.55,29,No,Silver,1583.4,0.64,2634.07
CUST0461,Male,27,32,32,87.65,143,No,Gold,2804.8,1.0,5429.67
CUST0462,Female,57,11,26,29.14,316,No,Gold,757.64,2.36,1479.12
CUST0463,Female,49,22,24,40.43,351,No,Silver,970.32,1.09,1471.11
CUST0464,Female,67,22,36,86.24,42,No,Bronze,3104.64,1.64,5020.34
CUST0465,Other,50,43,17,50.24,299,No,Silver,854.08,0.4,1439.06
CUST0466,Male,19,25,20,98.49,208,No,Silver,1969.8,0.8,3178.44
CUST0467,Male,50,22,32,57.3,330,No,Silver,1833.6,1.45,3376.62
CUST0468,Female,50,28,28,83.35,192,No,Gold,2333.8,1.0,5751.94
CUST0469,Male,58,29,17,52.18,160,Yes,Bronze,887.06,0.59,1782.3
CUST0470,Other,30,13,40,54.0,64,Yes,Silver,2160.0,3.08,4595.52
CUST0471,Male,47,18,28,50.63,243,No,Bronze,1417.64,1.56,2631.69
CUST0472,Other,50,2,21,77.53,258,No,Gold,1628.13,10.5,2968.88
CUST0473,Male,30,29,18,63.8,152,No,Gold,1148.4,0.62,1749.18
CUST0474,Female,69,21,29,95.5,215,No,Bronze,2769.5,1.38,5539.92
CUST0475,Female,43,15,30,40.07,322,Yes,Silver,1202.1,2.0,2384.5
CUST0476,Other,39,52,33,28.05,166,Yes,Gold,925.65,0.63,1534.57
CUST0477,Male,56,27,34,51.46,31,Yes,Gold,1749.64,1.26,3961.75
CUST0478,Female,19,50,33,69.34,232,No,Bronze,2288.22,0.66,4559.68
CUST0479,Other,55,31,28,88.86,282,No,Silver,2488.08,0.9,4575.56
CUST0480,Female,56,15,26,47.7,29,No,Silver,1240.2,1.73,2042.5
CUST0481,Female,43,51,29,72.3,195,No,Silver,2096.7,0.57,4302.77
CUST0482,Female,63,23,37,48.02,334,No,Silver,1776.74,1.61,4002.67
CUST0483,Female,67,24,34,69.38,256,No,Bronze,2358.92,1.42,4203.59
CUST0484,Female,32,44,29,90.78,281,No,Gold,2632.62,0.66,4524.93
CUST0485,Female,51,13,28,38.51,304,No,Silver,1078.28,2.15,2180.21
CUST0486,Other,59,22,24,52.34,321,No,Bronze,1256.16,1.09,2079.38
CUST0487,Male,61,43,34,99.46,323,Yes,Gold,3381.64,0.79,7326.71
CUST0488,Male,66,37,31,89.48,346,Yes,Silver,2773.88,0.84,5839.97
CUST0489,Other,57,33,23,65.17,294,Yes,Silver,1498.91,0.7,2378.89
CUST0490,Female,28,56,29,61.33,87,No,Silver,1778.57,0.52,2732.81
CUST0491,Female,20,3,29,42.77,149,No,Silver,1240.33,9.67,2629.86
CUST0492,Female,23,54,30,61.38,249,No,Silver,1841.4,0.56,3304.01
CUST0493,Male,26,19,34,87.85,321,Yes,Silver,2986.9,1.79,4738.55
CUST0494,Male,23,23,30,74.81,283,No,Silver,2244.3,1.3,5070.84
CUST0495,Female,26,29,29,43.2,362,No,Silver,1252.8,1.0,2272.63
CUST0496,Male,56,30,32,36.12,198,No,Gold,1155.84,1.07,2264.98
CUST0497,Female,48,39,36,41.22,44,No,Silver,1483.92,0.92,2577.29
CUST0498,Male,49,44,35,33.58,356,No,Bronze,1175.3,0.8,2500.24
CUST0499,Other,58,47,23,27.65,28,No,Silver,635.95,0.49,1145.66
CUST0500,Other,67,25,29,53.53,17,No,Silver,1552.37,1.16,3831.28
CUST0501,Female,29,37,29,29.06,127,No,Silver,842.74,0.78,1856.51
CUST0502,Female,25,47,36,33.75,168,No,Bronze,1215.0,0.77,1988.62
CUST0503,Male,25,8,29,63.79,244,Yes,Bronze,1849.91,3.62,3545.71
CUST0504,Female,67,42,30,33.17,76,No,Gold,995.1,0.71,1876.18
CUST0505,Female,45,58,29,25.11,231,Yes,Silver,728.19,0.5,1481.32
CUST0506,Male,37,16,21,45.39,204,No,Silver,953.19,1.31,2232.3
CUST0507,Other,64,8,36,37.63,248,No,Silver,1354.68,4.5,2822.37
CUST0508,Female,24,1,38,61.22,302,No,Gold,2326.36,38.0,3632.74
CUST0509,Other,28,44,35,28.19,214,No,Bronze,986.65,0.8,2126.64
CUST0510,Female,37,5,31,80.14,215,No,Gold,2484.34,6.2,3747.04
CUST0511,Female,33,3,28,92.5,158,No,Silver,2590.0,9.33,5905.1
CUST0512,Male,21,1,20,79.47,69,No,Silver,1589.4,20.0,3443.65
CUST0513,Other,23,4,39,62.63,85,No,Gold,2442.57,9.75,4418.09
CUST0514,Female,39,40,27,88.85,267,Yes,Bronze,2398.95,0.68,4299.98
CUST0515,Male,43,35,30,75.59,69,No,Bronze,2267.7,0.86,5211.79
CUST0516,Male,20,32,41,20.84,99,No,Silver,854.44,1.28,1950.97
CUST0517,Male,58,42,28,51.53,347,No,Silver,1442.84,0.67,2672.58
CUST0518,Female,59,34,20,88.08,216,No,Gold,1761.6,0.59,3169.03
CUST0519,Other,31,43,34,47.67,161,No,Silver,1620.78,0.79,3338.52
CUST0520,Male,28,25,23,22.82,94,No,Gold,524.86,0.92,791.68
CUST0521,Female,35,10,31,79.69,174,No,Silver,2470.39,3.1,3909.8
CUST0522,Male,29,21,28,84.16,165,No,Bronze,2356.48,1.33,3832.04
CUST0523,Other,40,46,32,32.85,115,No,Gold,1051.2,0.7,1771.7
CUST0524,Female,29,39,29,62.99,220,No,Bronze,1826.71,0.74,3675.37
CUST0525,Female,30,27,30,35.36,31,No,Gold,1060.8,1.11,2643.77
CUST0526,Female,42,27,29,77.54,11,No,Bronze,2248.66,1.07,4840.5
CUST0527,Male,62,2,30,41.72,343,No,Gold,1251.6,15.0,1954.12
CUST0528,Male,68,41,36,45.3,130,No,Silver,1630.8,0.88,3303.31
CUST0529,Male,36,48,37,87.6,105,No,Gold,3241.2,0.77,6471.53
CUST0530,Female,63,13,40,58.11,27,No,Bronze,2324.4,3.08,3821.7
CUST0531,Female,53,9,48,73.58,227,No,Silver,3531.84,5.33,8548.01
CUST0532,Other,62,52,31,52.19,2,Yes,Gold,1617.89,0.6,3139.94
CUST0533,Other,25,36,36,43.84,359,No,Silver,1578.24,1.0,3937.01
CUST0534,Female,46,22,25,70.04,101,No,Silver,1751.0,1.14,3362.05
CUST0535,Female,49,42,31,32.39,21,No,Silver,1004.09,0.74,2116.58
CUST0536,Other,68,26,42,49.84,58,No,Bronze,2093.28,1.62,3359.22
CUST0537,Female,61,58,33,36.72,180,No,Silver,1211.76,0.57,2368.06
CUST0538,Male,35,54,24,75.66,341,No,Gold,1815.84,0.44,3157.32
CUST0539,Female,23,12,29,95.54,349,No,Gold,2770.66,2.42,6471.06
CUST0540,Male,35,17,39,99.64,20,No,Silver,3885.96,2.29,8875.22
CUST0541,Other,36,14,31,56.02,255,No,Silver,1736.62,2.21,4036.22
CUST0542,Female,39,14,32,40.2,317,No,Silver,1286.4,2.29,2860.45
CUST0543,Male,54,57,34,55.43,38,No,Gold,1884.62,0.6,4396.22
CUST0544,Female,49,34,31,87.78,148,No,Silver,2721.18,0.91,4628.26
CUST0545,Female,58,53,20,36.48,25,No,Bronze,729.6,0.38,1424.21
CUST0546,Male,20,57,39,96.17,121,Yes,Gold,3750.63,0.68,8220.81
CUST0547,Male,45,20,26,47.35,26,No,Silver,1231.1,1.3,2631.34
CUST0548,Female,27,11,32,98.86,169,No,Silver,3163.52,2.91,7011.48
CUST0549,Female,68,16,28,87.09,323,No,Silver,2438.52,1.75,4204.64
CUST0550,Female,52,51,38,84.69,225,No,Silver,3218.22,0.75,5144.11
CUST0551,Female,46,31,25,45.43,1,No,Silver,1135.75,0.81,2744.89
CUST0552,Female,32,55,33,20.7,307,No,Bronze,683.1,0.6,1407.3
CUST0553,Female,50,6,35,50.57,261,No,Gold,1769.95,5.83,2927.19
CUST0554,Female,24,56,27,44.14,13,Yes,Silver,1191.78,0.48,2733.27
CUST0555,Female,29,19,28,22.99,48,No,Gold,643.72,1.47,1554.54
CUST0556,Male,66,37,38,60.43,313,No,Silver,2296.34,1.03,3833.89
CUST0557,Male,47,58,31,52.24,291,Yes,Silver,1619.44,0.53,3752.91
CUST0558,Male,38,4,29,70.76,332,Yes,Silver,2052.04,7.25,4993.08
CUST0559,Female,48,47,30,69.69,94,Yes,Gold,2090.7,0.64,5097.88
CUST0560,Female,41,4,41,29.66,261,No,Silver,1216.06,10.25,2935.76
CUST0561,Female,37,20,29,98.16,278,No,Silver,2846.64,1.45,5825.42
CUST0562,Male,54,10,22,34.95,359,Yes,Silver,768.9,2.2,1427.24
CUST0563,Male,21,24,23,55.62,205,No,Silver,1279.26,0.96,1928.19
CUST0564,Male,45,54,32,59.05,185,Yes,Silver,1889.6,0.59,2949.5
CUST0565,Male,61,35,28,85.05,175,No,Bronze,2381.4,0.8,4593.34
CUST0566,Female,37,26,35,27.94,309,No,Silver,977.9,1.35,1857.35
CUST0567,Male,41,37,33,54.29,69,No,Silver,1791.57,0.89,3018.28
CUST0568,Male,67,38,23,70.28,104,No,Bronze,1616.44,0.61,3063.93
CUST0569,Other,66,21,35,37.21,246,No,Gold,1302.35,1.67,2180.98
CUST0570,Male,68,54,27,70.2,161,No,Gold,1895.4,0.5,4451.9
CUST0571,Female,49,40,28,93.89,200,No,Silver,2628.92,0.7,4727.31
CUST0572,Female,58,39,26,99.8,216,No,Silver,2594.8,0.67,5445.35
CUST0573,Male,53,21,24,22.6,212,Yes,Bronze,542.4,1.14,1086.34
CUST0574,Female,51,10,33,38.85,16,Yes,Bronze,1282.05,3.3,1989.59
CUST0575,Female,53,38,17,44.82,332,No,Silver,761.94,0.45,1860.84
CUST0576,Other,19,46,31,51.93,205,No,Silver,1609.83,0.67,3263.49
CUST0577,Male,32,4,41,39.38,39,No,Silver,1614.58,10.25,2946.7
CUST0578,Other,51,57,30,36.28,89,No,Silver,1088.4,0.53,1804.7
CUST0579,Female,53,45,33,96.36,256,No,Silver,3179.88,0.73,5846.29
CUST0580,Male,23,20,33,93.48,254,No,Silver,3084.84,1.65,4690.54
CUST0581,Female,56,17,22,23.76,216,No,Silver,522.72,1.29,974.12
CUST0582,Other,59,55,29,47.11,303,No,Gold,1366.19,0.53,2775.4
CUST0583,Female,68,7,38,52.41,172,No,Silver,1991.58,5.43,4723.76
CUST0584,Male,68,4,36,39.12,137,No,Gold,1408.32,9.0,3080.52
CUST0585,Female,29,29,34,70.31,178,No,Bronze,2390.54,1.17,3852.55
CUST0586,Male,20,14,37,71.23,77,No,Gold,2635.51,2.64,4342.65
CUST0587,Male,62,3,34,88.04,188,No,Bronze,2993.36,11.33,5771.57
CUST0588,Male,35,24,23,79.27,15,Yes,Silver,1823.21,0.96,3091.63
CUST0589,Male,57,37,24,63.41,292,Yes,Silver,1521.84,0.65,2325.14
CUST0590,Male,38,16,30,72.29,319,No,Silver,2168.7,1.88,4998.89
CUST0591,Male,32,58,38,41.92,325,No,Silver,1592.96,0.66,2420.54
CUST0592,Female,50,55,31,67.44,214,No,Silver,2090.64,0.56,4872.63
CUST0593,Male,52,52,28,59.14,208,No,Silver,1655.92,0.54,2722.5
CUST0594,Male,43,4,26,30.67,169,No,Silver,797.42,6.5,1973.36
CUST0595,Female,25,56,38,39.4,330,No,Silver,1497.2,0.68,3149.92
CUST0596,Female,53,24,34,43.34,280,Yes,Silver,1473.56,1.42,3293.38
CUST0597,Female,65,34,30,93.94,305,No,Gold,2818.2,0.88,4538.66
CUST0598,Male,47,30,31,38.43,146,No,Silver,1191.33,1.03,2814.05
CUST0599,Male,40,18,32,43.14,263,Yes,Bronze,1380.48,1.78,3229.21
CUST0600,Male,59,19,18,49.55,4,No,Gold,891.9,0.95,1920.25
CUST0601,Male,61,31,25,73.1,90,No,Silver,1827.5,0.81,3659.16
CUST0602,Male,31,19,31,29.46,60,No,Silver,913.26,1.63,2028.8
CUST0603,Male,31,49,26,96.32,311,No,Silver,2504.32,0.53,3771.33
CUST0604,Male,19,46,35,89.25,16,No,Gold,3123.75,0.76,6536.26
CUST0605,Male,54,19,33,66.18,227,No,Silver,2183.94,1.74,5126.59
CUST0606,Female,22,22,34,73.92,29,No,Gold,2513.28,1.55,4666.91
CUST0607,Male,55,24,28,21.33,151,No,Gold,597.24,1.17,960.53
CUST0608,Male,62,45,30,47.12,245,No,Silver,1413.6,0.67,2715.35
CUST0609,Female,58,12,35,83.65,270,No,Silver,2927.75,2.92,6520.41
CUST0610,Female,64,30,32,26.2,79,Yes,Bronze,838.4,1.07,1347.56
CUST0611,Male,31,58,33,42.59,289,Yes,Gold,1405.47,0.57,2397.8
CUST0612,Female,56,38,35,66.82,153,No,Silver,2338.7,0.92,3853.13
CUST0613,Female,42,53,32,40.51,277,Yes,Gold,1296.32,0.6,2977.58
CUST0614,Male,37,31,34,94.72,279,No,Silver,3220.48,1.1,5033.26
CUST0615,Female,19,36,27,30.48,57,No,Bronze,822.96,0.75,1799.47
CUST0616,Other,56,19,33,83.79,186,No,Bronze,2765.07,1.74,5160.88
CUST0617,Male,23,48,25,60.64,93,No,Gold,1516.0,0.52,3419.78
CUST0618,Male,34,45,31,80.03,276,No,Silver,2480.93,0.69,6113.96
CUST0619,Female,42,36,25,44.86,158,No,Silver,1121.5,0.69,1810.71
CUST0620,Female,45,30,40,61.16,275,Yes,Gold,2446.4,1.33,4438.71
CUST0621,Male,19,55,27,88.55,181,Yes,Gold,2390.85,0.49,5523.16
CUST0622,Male,52,49,29,57.35,359,No,Bronze,1663.15,0.59,2937.39
CUST0623,Male,54,55,26,48.78,77,No,Bronze,1268.28,0.47,2175.25
CUST0624,Female,22,33,26,62.89,151,Yes,Bronze,1635.14,0.79,3802.32
CUST0625,Female,18,18,26,77.39,238,No,Silver,2012.14,1.44,5004.36
CUST0626,Male,57,52,32,55.49,289,No,Silver,1775.68,0.62,3652.36
CUST0627,Female,29,49,32,95.11,231,No,Silver,3043.52,0.65,5411.53
CUST0628,Female,53,59,26,43.6,18,No,Gold,1133.6,0.44,2152.21
CUST0629,Male,62,28,32,58.04,73,No,Gold,1857.28,1.14,3101.9
CUST0630,Male,40,59,27,80.55,189,Yes,Silver,2174.85,0.46,4919.27
CUST0631,Female,64,47,27,75.13,17,No,Silver,2028.51,0.57,4611.76
CUST0632,Female,48,11,33,89.09,19,No,Bronze,2939.97,3.0,6982.78
CUST0633,Female,28,57,27,99.74,219,No,Bronze,2692.98,0.47,4111.11
CUST0634,Female,27,54,35,54.15,326,No,Bronze,1895.25,0.65,3907.97
CUST0635,Male,20,45,23,28.89,120,No,Bronze,664.47,0.51,1139.07
CUST0636,Male,31,33,37,22.43,101,No,Gold,829.91,1.12,1527.77
CUST0637,Female,33,17,29,78.15,34,No,Silver,2266.35,1.71,5178.51
CUST0638,Male,27,6,24,89.92,84,No,Silver,2158.08,4.0,3651.54
CUST0639,Male,46,4,33,37.66,196,No,Gold,1242.78,8.25,2657.49
CUST0640,Male,27,20,27,32.68,330,No,Bronze,882.36,1.35,1901.1
CUST0641,Male,29,48,39,24.98,202,No,Bronze,974.22,0.81,2390.83
CUST0642,Male,47,47,39,85.82,344,No,Gold,3346.98,0.83,7614.92
CUST0643,Male,58,27,26,44.91,341,No,Gold,1167.66,0.96,2689.86
CUST0644,Male,18,15,26,52.14,11,No,Silver,1355.64,1.73,2754.12
CUST0645,Male,22,6,41,60.22,347,No,Silver,2469.02,6.83,4164.7
CUST0646,Female,37,47,29,87.16,218,No,Bronze,2527.64,0.62,4867.13
CUST0647,Female,25,14,26,72.07,253,Yes,Gold,1873.82,1.86,3840.37
CUST0648,Female,60,11,37,69.21,222,Yes,Gold,2560.77,3.36,5578.43
CUST0649,Female,29,39,34,34.05,80,No,Gold,1157.7,0.87,2440.09
CUST0650,Female,18,9,27,61.06,7,No,Gold,1648.62,3.0,3122.45
CUST0651,Male,37,26,29,77.23,272,No,Gold,2239.67,1.12,3953.72
CUST0652,Female,45,16,41,97.86,227,No,Bronze,4012.26,2.56,6693.38
CUST0653,Female,60,5,24,36.11,16,Yes,Silver,866.64,4.8,1901.27
CUST0654,Female,54,57,22,20.76,12,No,Silver,456.72,0.39,979.85
CUST0655,Male,64,52,42,26.02,291,No,Gold,1092.84,0.81,2390.45
CUST0656,Male,54,10,34,50.07,241,Yes,Gold,1702.38,3.4,3187.75
CUST0657,Male,29,50,31,85.64,21,No,Bronze,2654.84,0.62,4678.91
CUST0658,Male,54,3,28,20.57,178,No,Silver,575.96,9.33,1301.51
CUST0659,Female,66,13,25,56.54,228,No,Silver,1413.5,1.92,3213.8
CUST0660,Female,66,43,31,46.34,273,No,Silver,1436.54,0.72,2809.32
CUST0661,Male,61,49,37,24.2,288,No,Silver,895.4,0.76,1891.0
CUST0662,Other,45,30,33,56.02,297,No,Silver,1848.66,1.1,3463.5
CUST0663,Female,64,54,21,40.38,134,No,Silver,847.98,0.39,1867.21
CUST0664,Male,32,45,35,48.15,283,Yes,Bronze,1685.25,0.78,3936.27
CUST0665,Male,23,6,20,76.45,153,No,Gold,1529.0,3.33,3345.81
CUST0666,Male,61,17,21,61.72,66,No,Silver,1296.12,1.24,2608.55
CUST0667,Male,37,59,35,29.97,137,No,Gold,1048.95,0.59,2054.53
CUST0668,Male,67,45,32,96.91,92,No,Silver,3101.12,0.71,6643.59
CUST0669,Male,31,51,25,70.87,317,No,Bronze,1771.75,0.49,3862.08
CUST0670,Male,19,53,35,81.27,259,No,Silver,2844.45,0.66,5855.95
CUST0671,Male,26,19,31,26.34,103,Yes,Silver,816.54,1.63,1735.1
CUST0672,Female,54,42,29,23.76,55,No,Bronze,689.04,0.69,1100.11
CUST0673,Male,37,35,25,21.56,257,No,Silver,539.0,0.71,1321.5
CUST0674,Female,43,46,22,35.1,101,No,Gold,772.2,0.48,1768.93
CUST0675,Male,46,26,30,53.15,198,No,Gold,1594.5,1.15,2987.98
CUST0676,Other,18,51,23,94.87,301,No,Silver,2182.01,0.45,4501.08
CUST0677,Male,52,5,38,56.56,226,No,Silver,2149.28,7.6,3325.63
CUST0678,Male,23,29,35,43.22,237,No,Silver,1512.7,1.21,2331.42
CUST0679,Other,54,37,18,64.95,26,No,Silver,1169.1,0.49,2046.86
CUST0680,Female,22,20,28,28.95,121,No,Bronze,810.6,1.4,1774.97
CUST0681,Female,50,49,31,68.76,182,No,Gold,2131.56,0.63,5013.74
CUST0682,Male,66,21,23,65.47,199,No,Silver,1505.81,1.1,3100.74
CUST0683,Male,68,10,34,83.36,302,No,Gold,2834.24,3.4,5759.55
CUST0684,Female,31,5,26,98.94,255,No,Bronze,2572.44,5.2,4893.58
CUST0685,Other,29,36,20,40.07,122,Yes,Gold,801.4,0.56,1331.6
CUST0686,Female,59,6,27,60.77,31,No,Silver,1640.79,4.5,2655.38
CUST0687,Female,37,26,32,92.71,315,No,Gold,2966.72,1.23,6706.8
CUST0688,Male,67,4,27,82.82,285,Yes,Silver,2236.14,6.75,5428.24
CUST0689,Female,41,39,36,58.99,106,Yes,Bronze,2123.64,0.92,4158.69
CUST0690,Male,60,39,25,95.63,224,No,Silver,2390.75,0.64,5162.69
CUST0691,Male,51,50,35,24.58,273,No,Silver,860.3,0.7,2077.16
CUST0692,Male,42,35,33,94.48,232,Yes,Silver,3117.84,0.94,4957.72
CUST0693,Female,67,1,25,24.04,256,Yes,Silver,601.0,25.0,1364.56
CUST0694,Male,46,24,41,63.78,24,No,Bronze,2614.98,1.71,5535.43
CUST0695,Male,56,57,27,91.24,109,Yes,Gold,2463.48,0.47,5169.95
CUST0696,Female,48,36,29,41.02,191,No,Silver,1189.58,0.81,2132.37
CUST0697,Male,64,6,30,57.78,347,No,Gold,1733.4,5.0,3785.56
CUST0698,Female,60,41,26,45.95,25,No,Gold,1194.7,0.63,2741.59
CUST0699,Male,67,54,26,96.17,187,No,Silver,2500.42,0.48,4032.82
CUST0700,Female,40,46,23,85.89,288,No,Silver,1975.47,0.5,4017.16
CUST0701,Female,61,44,30,76.72,116,No,Silver,2301.6,0.68,3685.47
CUST0702,Male,55,57,21,67.01,338,No,Silver,1407.21,0.37,3338.71
CUST0703,Male,37,31,46,85.65,37,Yes,Gold,3939.9,1.48,7909.89
CUST0704,Male,40,20,27,51.38,282,No,Gold,1387.26,1.35,3201.75
CUST0705,Male,62,24,18,55.8,137,No,Silver,1004.4,0.75,1876.31
CUST0706,Other,69,25,28,78.4,227,Yes,Bronze,2195.2,1.12,3567.37
CUST0707,Male,33,36,26,48.62,320,Yes,Gold,1264.12,0.72,1948.64
CUST0708,Female,67,21,27,25.11,328,No,Silver,677.97,1.29,1207.81
CUST0709,Male,59,30,35,25.95,182,No,Silver,908.25,1.17,1584.2
CUST0710,Female,25,24,29,29.23,362,No,Silver,847.67,1.21,1746.5
CUST0711,Female,67,44,33,89.57,86,No,Bronze,2955.81,0.75,4497.97
CUST0712,Female,38,42,41,57.78,53,No,Bronze,2368.98,0.98,4786.69
CUST0713,Female,18,30,22,77.03,348,No,Silver,1694.66,0.73,3205.91
CUST0714,Male,25,22,30,51.43,355,No,Gold,1542.9,1.36,3204.79
CUST0715,Male,46,28,26,40.7,235,Yes,Bronze,1058.2,0.93,2330.6
CUST0716,Other,49,7,26,47.78,267,No,Silver,1242.28,3.71,2651.14
CUST0717,Female,55,35,25,83.53,287,No,Gold,2088.25,0.71,5188.56
CUST0718,Other,22,55,31,70.02,100,No,Silver,2170.62,0.56,3556.05
CUST0719,Male,64,28,34,95.01,87,No,Bronze,3230.34,1.21,6233.71
CUST0720,Female,39,14,27,74.38,15,Yes,Bronze,2008.26,1.93,3865.56
CUST0721,Other,64,56,25,65.61,101,No,Gold,1640.25,0.45,3144.45
CUST0722,Male,51,10,36,68.82,165,Yes,Silver,2477.52,3.6,5360.85
CUST0723,Male,18,16,23,95.39,29,No,Bronze,2193.97,1.44,4365.62
CUST0724,Female,43,16,32,83.06,114,No,Gold,2657.92,2.0,5362.17
CUST0725,Female,60,54,24,21.92,107,No,Silver,526.08,0.44,1016.57
CUST0726,Female,27,31,29,62.73,364,Yes,Silver,1819.17,0.94,4532.82
CUST0727,Male,47,42,25,75.07,130,No,Silver,1876.75,0.6,4555.93
CUST0728,Female,67,25,38,79.9,84,No,Gold,3036.2,1.52,5488.61
CUST0729,Male,35,13,30,37.05,271,No,Silver,1111.5,2.31,1791.29
CUST0730,Male,34,6,35,89.37,244,No,Bronze,3127.95,5.83,7318.67
CUST0731,Male,43,44,31,96.47,214,No,Silver,2990.57,0.7,7467.96
CUST0732,Female,25,9,35,38.94,306,No,Silver,1362.9,3.89,2443.15
CUST0733,Female,64,45,33,90.61,166,No,Silver,2990.13,0.73,5555.02
CUST0734,Female,57,36,35,27.76,279,No,Gold,971.6,0.97,2372.29
CUST0735,Male,66,56,24,24.46,59,No,Silver,587.04,0.43,1298.02
CUST0736,Female,29,43,20,30.34,90,No,Silver,606.8,0.47,1089.59
CUST0737,Male,44,20,27,24.62,331,No,Bronze,664.74,1.35,1383.35
CUST0738,Female,25,18,26,87.6,194,Yes,Gold,2277.6,1.44,5566.98
CUST0739,Male,42,58,25,24.72,123,No,Silver,618.0,0.43,1428.7
CUST0740,Male,63,43,35,41.73,136,No,Silver,1460.55,0.81,3274.31
CUST0741,Female,21,57,26,28.3,139,No,Bronze,735.8,0.46,1645.98
CUST0742,Male,50,21,28,43.63,229,No,Gold,1221.64,1.33,2049.94
CUST0743,Female,18,4,30,27.24,274,No,Gold,817.2,7.5,1899.73
CUST0744,Female,36,50,34,73.44,50,No,Gold,2496.96,0.68,4434.9
CUST0745,Male,48,33,30,30.67,118,No,Bronze,920.1,0.91,2236.18
CUST0746,Female,33,27,21,88.15,202,No,Gold,1851.15,0.78,3451.73
CUST0747,Male,31,7,24,85.38,191,No,Gold,2049.12,3.43,4831.13
CUST0748,Female,65,6,27,21.09,364,Yes,Gold,569.43,4.5,1005.75
CUST0749,Other,22,15,21,91.66,323,Yes,Silver,1924.86,1.4,3877.68
CUST0750,Female,58,18,24,22.32,181,No,Gold,535.68,1.33,860.78
CUST0751,Male,43,32,32,39.17,78,No,Silver,1253.44,1.0,2707.58
CUST0752,Other,45,56,26,22.59,75,No,Gold,587.34,0.46,1372.07
CUST0753,Female,19,11,34,46.87,295,Yes,Silver,1593.58,3.09,3535.27
CUST0754,Male,67,20,30,61.11,281,No,Silver,1833.3,1.5,3709.24
CUST0755,Male,23,24,31,83.73,21,No,Silver,2595.63,1.29,4010.55
CUST0756,Female,26,15,25,47.04,171,No,Bronze,1176.0,1.67,2861.73
CUST0757,Female,50,48,39,76.44,15,Yes,Bronze,2981.16,0.81,6574.92
CUST0758,Female,58,7,34,35.0,211,No,Silver,1190.0,4.86,2672.58
CUST0759,Female,42,21,28,80.05,48,No,Silver,2241.4,1.33,5143.3
CUST0760,Female,65,42,24,38.88,86,No,Silver,933.12,0.57,2097.41
CUST0761,Male,30,26,31,31.48,149,No,Bronze,975.88,1.19,1894.3
CUST0762,Male,26,44,35,34.83,188,Yes,Silver,1219.05,0.8,2722.9
CUST0763,Male,30,56,27,34.57,306,No,Silver,933.39,0.48,1983.48
CUST0764,Female,48,14,22,61.03,151,No,Silver,1342.66,1.57,3160.64
CUST0765,Male,58,57,32,87.58,141,No,Bronze,2802.56,0.56,6452.78
CUST0766,Female,28,37,35,26.37,69,Yes,Gold,922.95,0.95,1422.61
CUST0767,Female,21,58,31,76.56,260,No,Gold,2373.36,0.53,4459.28
CUST0768,Female,51,21,30,72.35,334,No,Silver,2170.5,1.43,3331.1
CUST0769,Male,55,18,30,89.8,9,No,Gold,2694.0,1.67,4315.99
CUST0770,Female,63,5,24,39.53,121,No,Silver,948.72,4.8,1993.65
CUST0771,Male,21,3,34,56.01,101,Yes,Gold,1904.34,11.33,4520.56
CUST0772,Female,55,23,35,94.07,149,No,Silver,3292.45,1.52,5333.19
CUST0773,Male,36,26,29,72.8,146,No,Bronze,2111.2,1.12,4119.14
CUST0774,Male,23,37,33,51.1,353,No,Silver,1686.3,0.89,4065.47
CUST0775,Female,51,24,32,30.51,243,No,Silver,976.32,1.33,2259.5
CUST0776,Male,35,49,29,41.0,241,No,Gold,1189.0,0.59,2401.39
CUST0777,Male,30,19,23,66.5,337,No,Gold,1529.5,1.21,3474.37
CUST0778,Female,58,51,32,77.45,43,No,Bronze,2478.4,0.63,5013.04
CUST0779,Female,40,25,26,29.95,95,No,Silver,778.7,1.04,1291.16
CUST0780,Female,36,21,30,67.97,226,No,Silver,2039.1,1.43,3313.0
CUST0781,Female,62,12,32,64.03,6,Yes,Bronze,2048.96,2.67,3459.4
CUST0782,Female,28,57,35,61.12,214,No,Bronze,2139.2,0.61,3959.49
CUST0783,Male,18,41,30,75.21,206,No,Bronze,2256.3,0.73,5484.0
CUST0784,Male,41,33,26,87.0,67,No,Silver,2262.0,0.79,5201.87
CUST0785,Male,24,50,45,45.84,100,No,Gold,2062.8,0.9,3986.98
CUST0786,Other,42,53,41,91.12,12,No,Silver,3735.92,0.77,7445.98
CUST0787,Female,38,4,28,32.85,237,No,Silver,919.8,7.0,1624.01
CUST0788,Male,32,42,41,33.84,322,No,Gold,1387.44,0.98,3058.41
CUST0789,Female,18,57,33,41.34,258,Yes,Silver,1364.22,0.58,3141.48
CUST0790,Other,29,7,26,29.56,337,No,Gold,768.56,3.71,1336.45
CUST0791,Male,24,22,25,38.43,135,Yes,Silver,960.75,1.14,1481.31
CUST0792,Female,32,55,33,28.51,222,No,Silver,940.83,0.6,1998.22
CUST0793,Female,38,33,31,85.74,156,No,Silver,2657.94,0.94,5482.03
CUST0794,Female,36,17,23,31.12,142,No,Silver,715.76,1.35,1361.47
CUST0795,Male,46,24,32,79.78,158,Yes,Bronze,2552.96,1.33,5473.28
CUST0796,Female,42,34,36,23.83,326,No,Silver,857.88,1.06,1759.18
CUST0797,Other,50,28,35,95.88,344,Yes,Silver,3355.8,1.25,5874.6
CUST0798,Female,66,58,34,76.89,262,No,Bronze,2614.26,0.59,4961.16
CUST0799,Female,49,43,32,20.54,283,No,Silver,657.28,0.74,1267.31
CUST0800,Other,66,41,28,81.11,338,No,Bronze,2271.08,0.68,5405.73
CUST0801,Female,52,39,31,61.13,344,No,Gold,1895.03,0.79,4663.49
CUST0802,Male,61,22,31,82.35,229,Yes,Silver,2552.85,1.41,6108.97
CUST0803,Female,55,49,23,61.8,280,No,Gold,1421.4,0.47,3154.34
CUST0804,Female,43,17,37,71.28,358,Yes,Gold,2637.36,2.18,5498.88
CUST0805,Male,28,34,34,82.91,290,No,Bronze,2818.94,1.0,6171.4
CUST0806,Female,52,6,27,52.41,168,Yes,Gold,1415.07,4.5,3451.51
CUST0807,Other,25,46,32,20.22,47,No,Silver,647.04,0.7,1132.32
CUST0808,Other,63,6,26,88.0,203,No,Silver,2288.0,4.33,4656.36
CUST0809,Female,31,34,21,50.47,214,No,Silver,1059.87,0.62,2320.7
CUST0810,Male,27,1,27,59.68,246,No,Silver,1611.36,27.0,3511.55
CUST0811,Other,19,10,29,20.62,24,No,Silver,597.98,2.9,1047.83
CUST0812,Female,63,21,36,59.37,321,Yes,Gold,2137.32,1.71,4460.01
CUST0813,Male,26,5,23,98.92,274,No,Silver,2275.16,4.6,5223.57
CUST0814,Other,20,2,40,42.26,44,Yes,Silver,1690.4,20.0,3338.67
CUST0815,Female,38,22,30,51.63,332,No,Silver,1548.9,1.36,3552.09
CUST0816,Female,43,48,38,74.98,313,No,Silver,2849.24,0.79,5299.25
CUST0817,Female,25,57,26,85.18,363,No,Bronze,2214.68,0.46,5401.07
CUST0818,Male,65,2,38,53.39,156,No,Silver,2028.82,19.0,4126.47
CUST0819,Male,19,10,27,44.77,199,No,Silver,1208.79,2.7,2533.56
CUST0820,Male,23,34,23,95.03,162,No,Gold,2185.69,0.68,3347.08
CUST0821,Female,45,16,31,74.17,234,Yes,Silver,2299.27,1.94,3840.4
CUST0822,Male,46,48,28,29.52,163,No,Silver,826.56,0.58,1763.0
CUST0823,Male,43,51,28,25.51,116,No,Gold,714.28,0.55,1371.33
CUST0824,Male,42,39,23,58.68,93,No,Silver,1349.64,0.59,2710.3
CUST0825,Female,29,22,28,37.61,42,No,Silver,1053.08,1.27,1645.93
CUST0826,Other,22,12,29,40.32,284,Yes,Silver,1169.28,2.42,2729.26
CUST0827,Male,51,24,30,90.22,210,No,Gold,2706.6,1.25,6183.24
CUST0828,Male,65,47,30,27.17,206,No,Silver,815.1,0.64,1373.73
CUST0829,Female,54,40,31,77.23,220,No,Gold,2394.13,0.78,5109.86
CUST0830,Female,32,38,28,41.69,280,No,Bronze,1167.32,0.74,2706.22
CUST0831,Male,61,59,33,80.83,136,No,Gold,2667.39,0.56,5710.49
CUST0832,Female,53,10,31,77.79,106,No,Silver,2411.49,3.1,4365.76
CUST0833,Male,32,35,35,20.59,118,No,Silver,720.65,1.0,1553.8
CUST0834,Male,60,51,35,60.73,237,No,Bronze,2125.55,0.69,3635.67
CUST0835,Female,65,49,35,31.15,309,No,Gold,1090.25,0.71,1982.35
CUST0836,Male,40,32,30,89.3,100,No,Silver,2679.0,0.94,4661.65
CUST0837,Other,23,7,25,89.73,261,No,Silver,2243.25,3.57,4614.2
CUST0838,Male,63,21,31,53.47,305,Yes,Silver,1657.57,1.48,2665.75
CUST0839,Female,67,20,26,55.55,354,No,Silver,1444.3,1.3,3514.43
CUST0840,Female,61,26,26,44.26,286,No,Silver,1150.76,1.0,2109.93
CUST0841,Male,60,4,32,77.33,328,No,Bronze,2474.56,8.0,4253.69
CUST0842,Female,62,46,20,48.69,103,No,Gold,973.8,0.43,1944.24
CUST0843,Male,38,52,30,41.42,63,No,Gold,1242.6,0.58,2208.1
CUST0844,Other,40,22,28,54.58,175,Yes,Bronze,1528.24,1.27,3109.82
CUST0845,Male,60,15,32,27.32,282,No,Gold,874.24,2.13,1616.04
CUST0846,Male,33,56,35,79.73,293,No,Bronze,2790.55,0.62,4554.36
CUST0847,Male,64,40,41,21.01,226,No,Silver,861.41,1.02,1521.16
CUST0848,Other,32,21,27,71.56,7,No,Silver,1932.12,1.29,3745.3
CUST0849,Female,42,15,33,34.63,127,No,Gold,1142.79,2.2,1748.8
CUST0850,Female,53,22,28,38.59,92,No,Gold,1080.52,1.27,2453.47
CUST0851,Male,28,52,35,70.85,190,No,Silver,2479.75,0.67,5261.59
CUST0852,Female,68,28,31,99.44,359,Yes,Bronze,3082.64,1.11,6477.74
CUST0853,Male,32,14,36,82.22,53,No,Bronze,2959.92,2.57,6056.14
CUST0854,Female,21,27,20,38.07,242,No,Gold,761.4,0.74,1591.56
CUST0855,Male,38,41,19,34.08,132,No,Gold,647.52,0.46,1576.49
CUST0856,Male,30,40,22,89.3,364,No,Gold,1964.6,0.55,2963.74
CUST0857,Male,39,58,32,55.53,112,No,Bronze,1776.96,0.55,2750.38
CUST0858,Female,36,28,28,30.96,7,No,Gold,866.88,1.0,1466.32
CUST0859,Female,51,26,29,88.98,230,Yes,Gold,2580.42,1.12,4302.34
CUST0860,Male,31,49,23,85.29,156,No,Gold,1961.67,0.47,3297.95
CUST0861,Female,21,2,24,98.71,197,No,Silver,2369.04,12.0,5145.42
CUST0862,Female,65,25,30,92.78,323,No,Bronze,2783.4,1.2,5454.03
CUST0863,Female,69,56,37,88.14,364,No,Silver,3261.18,0.66,8126.14
CUST0864,Male,63,3,24,24.21,223,Yes,Gold,581.04,8.0,1003.39
CUST0865,Male,44,8,33,28.35,250,Yes,Silver,935.55,4.12,1694.12
CUST0866,Female,46,44,21,65.52,83,No,Silver,1375.92,0.48,3418.12
CUST0867,Male,64,33,26,62.52,240,No,Gold,1625.52,0.79,3790.32
CUST0868,Male,45,42,30,56.64,360,Yes,Gold,1699.2,0.71,3347.08
CUST0869,Female,52,52,31,51.74,323,No,Silver,1603.94,0.6,3295.45
CUST0870,Other,25,35,31,54.5,263,No,Gold,1689.5,0.89,3958.8
CUST0871,Male,33,6,28,65.54,189,No,Gold,1835.12,4.67,3635.34
CUST0872,Male,59,39,30,20.17,290,No,Silver,605.1,0.77,1032.31
CUST0873,Female,53,52,29,40.86,362,No,Silver,1184.94,0.56,2759.07
CUST0874,Male,47,23,25,61.46,58,No,Silver,1536.5,1.09,3131.04
CUST0875,Male,35,25,28,77.78,9,No,Silver,2177.84,1.12,3600.06
CUST0876,Male,19,59,24,33.93,304,No,Silver,814.32,0.41,1633.19
CUST0877,Female,66,50,27,63.75,115,No,Silver,1721.25,0.54,3293.1
CUST0878,Female,30,43,32,77.16,210,No,Gold,2469.12,0.74,5868.71
CUST0879,Male,21,19,29,55.57,41,No,Bronze,1611.53,1.53,2620.44
CUST0880,Male,43,5,38,22.17,304,Yes,Gold,842.46,7.6,2001.02
CUST0881,Male,42,51,35,55.94,173,No,Silver,1957.9,0.69,3939.71
CUST0882,Female,47,11,27,43.72,234,No,Silver,1180.44,2.45,2247.99
CUST0883,Male,28,56,31,94.37,281,No,Silver,2925.47,0.55,4862.04
CUST0884,Male,24,12,32,29.97,78,No,Bronze,959.04,2.67,2110.67
CUST0885,Female,48,10,22,72.2,108,No,Silver,1588.4,2.2,3854.74
CUST0886,Male,61,8,24,24.22,281,No,Bronze,581.28,3.0,1090.12
CUST0887,Female,27,24,36,55.69,39,No,Bronze,2004.84,1.5,3491.6
CUST0888,Male,56,28,29,64.32,119,No,Bronze,1865.28,1.04,3832.9
CUST0889,Male,30,41,26,43.84,335,No,Bronze,1139.84,0.63,2617.28
CUST0890,Male,48,36,20,56.41,336,Yes,Bronze,1128.2,0.56,1696.55
CUST0891,Female,24,37,41,33.08,27,No,Silver,1356.28,1.11,2890.74
CUST0892,Female,66,21,29,44.33,104,No,Silver,1285.57,1.38,2695.22
CUST0893,Female,59,8,26,69.69,74,Yes,Gold,1811.94,3.25,3294.38
CUST0894,Male,59,55,24,44.14,191,Yes,Silver,1059.36,0.44,2067.26
CUST0895,Female,53,9,26,91.98,324,Yes,Bronze,2391.48,2.89,4177.83
CUST0896,Male,37,47,31,70.27,147,Yes,Silver,2178.37,0.66,4988.22
CUST0897,Male,21,15,32,55.09,255,No,Bronze,1762.88,2.13,3762.93
CUST0898,Female,24,48,23,23.1,284,No,Bronze,531.3,0.48,1079.98
CUST0899,Male,18,46,26,59.96,213,No,Gold,1558.96,0.57,2950.37
CUST0900,Male,61,40,28,81.18,123,No,Gold,2273.04,0.7,4071.89
CUST0901,Male,62,18,42,41.24,206,No,Silver,1732.08,2.33,4023.17
CUST0902,Male,59,42,26,84.54,240,No,Gold,2198.04,0.62,4289.27
CUST0903,Male,64,20,30,40.14,339,No,Silver,1204.2,1.5,2410.14
CUST0904,Female,30,6,25,85.9,286,No,Bronze,2147.5,4.17,4339.73
CUST0905,Male,39,12,38,26.82,22,No,Silver,1019.16,3.17,1985.7
CUST0906,Female,38,2,29,89.29,259,No,Silver,2589.41,14.5,4547.23
CUST0907,Female,39,7,31,59.93,357,No,Gold,1857.83,4.43,3010.32
CUST0908,Male,45,16,29,43.72,105,Yes,Silver,1267.88,1.81,2026.75
CUST0909,Male,26,3,34,41.21,258,No,Silver,1401.14,11.33,3163.02
CUST0910,Male,43,45,24,54.56,204,No,Silver,1309.44,0.53,2256.86
CUST0911,Female,26,3,33,99.92,310,No,Gold,3297.36,11.0,5129.61
CUST0912,Male,32,27,21,37.63,262,No,Silver,790.23,0.78,1815.57
CUST0913,Female,27,50,33,28.26,107,Yes,Gold,932.58,0.66,1542.54
CUST0914,Male,41,43,18,66.8,251,No,Bronze,1202.4,0.42,2555.28
CUST0915,Female,59,40,35,59.08,221,Yes,Gold,2067.8,0.88,3801.95
CUST0916,Male,25,38,32,61.94,222,No,Gold,1982.08,0.84,3223.81
CUST0917,Male,41,33,22,73.35,258,No,Gold,1613.7,0.67,3089.4
CUST0918,Other,33,28,24,41.37,201,No,Silver,992.88,0.86,1504.02
CUST0919,Female,66,1,32,92.85,258,Yes,Silver,2971.2,32.0,6955.71
CUST0920,Male,43,55,31,54.85,349,No,Silver,1700.35,0.56,3423.65
CUST0921,Female,44,8,27,30.33,225,No,Silver,818.91,3.38,1342.32
CUST0922,Female,54,37,29,79.38,202,No,Silver,2302.02,0.78,3998.56
CUST0923,Female,21,32,32,71.45,226,Yes,Silver,2286.4,1.0,4453.85
CUST0924,Female,67,48,27,45.26,236,No,Silver,1222.02,0.56,2063.83
CUST0925,Male,41,43,30,69.72,183,No,Gold,2091.6,0.7,3699.2
CUST0926,Male,36,37,34,37.59,200,Yes,Silver,1278.06,0.92,2600.07
CUST0927,Male,53,4,36,55.59,357,No,Silver,2001.24,9.0,4668.11
CUST0928,Female,56,30,34,91.95,246,No,Bronze,3126.3,1.13,5945.72
CUST0929,Female,27,6,30,30.68,353,No,Silver,920.4,5.0,2040.5
CUST0930,Male,42,46,38,50.94,111,No,Gold,1935.72,0.83,4600.6
CUST0931,Male,35,54,29,85.69,6,No,Gold,2485.01,0.54,4265.02
CUST0932,Female,36,19,32,97.56,236,No,Bronze,3121.92,1.68,7202.87
CUST0933,Other,53,32,19,56.31,127,No,Gold,1069.89,0.59,2415.17
CUST0934,Female,27,9,31,60.56,104,No,Gold,1877.36,3.44,3486.14
CUST0935,Male,50,12,23,65.77,237,No,Gold,1512.71,1.92,3765.92
CUST0936,Male,67,11,28,94.59,155,No,Silver,2648.52,2.55,4668.21
CUST0937,Male,22,46,34,88.66,257,No,Gold,3014.44,0.74,5289.75
CUST0938,Other,64,55,31,33.65,235,No,Silver,1043.15,0.56,2370.31
CUST0939,Male,66,16,27,54.94,289,No,Silver,1483.38,1.69,2869.83
CUST0940,Female,52,1,33,57.12,40,No,Bronze,1884.96,33.0,3450.98
CUST0941,Male,61,45,27,83.13,288,No,Gold,2244.51,0.6,3767.78
CUST0942,Female,51,55,20,68.23,197,No,Silver,1364.6,0.36,3091.27
CUST0943,Female,50,53,26,72.34,273,Yes,Silver,1880.84,0.49,4300.21
CUST0944,Female,38,21,27,99.86,264,Yes,Silver,2696.22,1.29,5571.91
CUST0945,Male,34,30,29,26.0,57,No,Silver,754.0,0.97,1852.81
CUST0946,Male,39,13,30,37.84,298,No,Bronze,1135.2,2.31,2063.98
CUST0947,Male,65,34,29,52.63,98,No,Gold,1526.27,0.85,2624.6
CUST0948,Other,54,4,39,47.82,137,Yes,Bronze,1864.98,9.75,4060.93
CUST0949,Female,32,28,33,21.73,87,Yes,Silver,717.09,1.18,1619.48
CUST0950,Female,52,38,27,27.34,242,Yes,Gold,738.18,0.71,1273.29
CUST0951,Female,45,58,39,74.48,199,Yes,Bronze,2904.72,0.67,4579.61
CUST0952,Female,24,31,21,90.35,310,Yes,Silver,1897.35,0.68,4383.86
CUST0953,Male,49,59,22,61.14,84,No,Gold,1345.08,0.37,3331.09
CUST0954,Other,28,55,31,63.14,242,No,Gold,1957.34,0.56,4197.85
CUST0955,Male,27,27,28,40.41,281,No,Gold,1131.48,1.04,2011.62
CUST0956,Male,26,5,26,81.43,323,No,Silver,2117.18,5.2,5285.91
CUST0957,Female,31,25,26,80.14,252,No,Gold,2083.64,1.04,4986.71
CUST0958,Male,30,3,22,67.07,190,Yes,Gold,1475.54,7.33,2970.82
CUST0959,Male,42,33,27,37.01,152,Yes,Gold,999.27,0.82,2323.62
CUST0960,Female,19,4,35,27.76,302,No,Silver,971.6,8.75,2250.05
CUST0961,Male,52,25,26,25.14,278,No,Bronze,653.64,1.04,1591.48
CUST0962,Female,24,20,27,67.42,139,No,Silver,1820.34,1.35,4261.28
CUST0963,Male,38,34,24,86.0,176,No,Gold,2064.0,0.71,4424.55
CUST0964,Male,35,26,28,88.67,8,No,Bronze,2482.76,1.08,5236.89
CUST0965,Male,20,5,31,57.09,295,No,Silver,1769.79,6.2,3481.81
CUST0966,Male,59,35,20,82.74,235,No,Bronze,1654.8,0.57,3518.91
CUST0967,Female,56,28,24,95.75,163,No,Silver,2298.0,0.86,5274.41
CUST0968,Male,58,29,35,42.01,49,No,Silver,1470.35,1.21,3630.35
CUST0969,Female,66,9,31,51.84,302,No,Silver,1607.04,3.44,3161.51
CUST0970,Female,28,52,28,94.52,38,Yes,Gold,2646.56,0.54,5488.05
CUST0971,Female,56,38,28,47.06,136,No,Silver,1317.68,0.74,2562.63
CUST0972,Other,41,50,27,93.11,310,No,Bronze,2513.97,0.54,5451.52
CUST0973,Female,63,6,26,98.48,219,No,Bronze,2560.48,4.33,5453.62
CUST0974,Male,36,19,31,72.94,348,No,Bronze,2261.14,1.63,3432.03
CUST0975,Male,21,44,33,85.35,296,No,Silver,2816.55,0.75,5749.03
CUST0976,Male,43,57,25,79.96,34,No,Gold,1999.0,0.44,3175.39
CUST0977,Female,55,11,32,75.96,352,No,Gold,2430.72,2.91,3710.21
CUST0978,Male,59,2,19,44.55,79,No,Silver,846.45,9.5,1939.38
CUST0979,Female,49,47,29,24.57,236,No,Silver,712.53,0.62,1253.09
CUST0980,Female,56,44,39,47.44,273,No,Gold,1850.16,0.89,3405.51
CUST0981,Male,62,44,30,73.35,161,No,Gold,2200.5,0.68,3441.77
CUST0982,Female,63,9,40,28.2,175,Yes,Silver,1128.0,4.44,1894.48
CUST0983,Male,53,21,35,20.95,308,No,Silver,733.25,1.67,1661.25
CUST0984,Male,57,24,28,31.18,221,No,Bronze,873.04,1.17,1740.43
CUST0985,Female,54,34,38,77.26,9,No,Silver,2935.88,1.12,6989.36
CUST0986,Female,50,22,23,97.82,289,No,Silver,2249.86,1.05,4268.53
CUST0987,Female,53,3,18,98.65,113,Yes,Silver,1775.7,6.0,3140.68
CUST0988,Male,20,12,45,59.52,205,No,Bronze,2678.4,3.75,4948.61
CUST0989,Male,26,28,32,89.55,186,No,Silver,2865.6,1.14,6340.92
CUST0990,Female,25,30,28,78.95,341,No,Bronze,2210.6,0.93,4542.8
CUST0991,Female,50,26,25,60.08,197,Yes,Bronze,1502.0,0.96,3611.1
CUST0992,Female,23,48,32,65.82,266,No,Bronze,2106.24,0.67,4427.67
CUST0993,Male,58,21,39,30.98,262,No,Silver,1208.22,1.86,2408.0
CUST0994,Female,56,28,27,95.01,248,No,Gold,2565.27,0.96,5863.57
CUST0995,Male,21,56,23,48.15,115,Yes,Gold,1107.45,0.41,2710.52
CUST0996,Male,30,26,32,55.69,121,No,Gold,1782.08,1.23,3307.27
CUST0997,Other,66,33,26,73.73,141,No,Gold,1916.98,0.79,3354.48
CUST0998,Male,19,21,21,46.71,65,No,Gold,980.91,1.0,2075.82
CUST0999,Other,22,35,30,40.34,276,No,Silver,1210.2,0.86,2419.04
CUST1000,Male,61,52,35,70.48,313,No,Silver,2466.8,0.67,6140.32
