CustomerID,PredictedLTV,LTVSegment
CUST0001,7996.969899999996,High
CUST0002,1181.0076999999994,Low
CUST0003,5357.640199999997,High
CUST0004,3422.9803000000043,Medium
CUST0005,1769.7940000000008,Low
CUST0006,3693.095099999997,Medium
CUST0007,1617.7774999999983,Low
CUST0008,1436.4693999999986,Low
CUST0009,3228.520299999997,Medium
CUST0010,1256.156200000001,Low
CUST0011,2312.2109,Low
CUST0012,980.1401000000012,Low
CUST0013,3346.776999999998,Medium
CUST0014,1355.320600000002,Low
CUST0015,3431.7367999999965,Medium
CUST0016,1849.9493000000032,Low
CUST0017,6704.287399999998,High
CUST0018,3681.2057999999947,Medium
CUST0019,2452.884499999998,Low
CUST0020,4383.419999999995,High
CUST0021,4331.691199999994,Medium
CUST0022,6340.106999999993,High
CUST0023,2764.9986000000035,Medium
CUST0024,1446.1326999999999,Low
CUST0025,5048.868100000005,High
CUST0026,5091.753800000002,High
CUST0027,3452.7333000000026,Medium
CUST0028,3236.398900000003,Medium
CUST0029,7314.2086999999965,High
CUST0030,5201.5962000000045,High
CUST0031,1916.8308999999988,Low
CUST0032,1515.2184999999993,Low
CUST0033,1753.3885999999973,Low
CUST0034,5893.112400000012,High
CUST0035,3865.5392999999963,Medium
CUST0036,4340.3993999999975,High
CUST0037,3666.4974999999977,Medium
CUST0038,5415.746299999995,High
CUST0039,3639.356500000001,Medium
CUST0040,3770.7753000000002,Medium
CUST0041,6922.452699999995,High
CUST0042,4745.126499999993,High
CUST0043,5027.612799999996,High
CUST0044,8716.756299999994,High
CUST0045,3651.4364999999984,Medium
CUST0046,3648.5766999999973,Medium
CUST0047,3346.4693000000025,Medium
CUST0048,8472.752300000011,High
CUST0049,1697.0967999999993,Low
CUST0050,2625.9571000000014,Low
CUST0051,1525.8501000000012,Low
CUST0052,3871.7676000000047,Medium
CUST0053,2652.0916000000025,Low
CUST0054,2434.8831999999984,Low
CUST0055,1506.3362000000002,Low
CUST0056,3563.4674999999984,Medium
CUST0057,4509.330499999994,High
CUST0058,2052.700900000002,Low
CUST0059,4287.611500000002,Medium
CUST0060,3724.8503999999975,Medium
CUST0061,4609.7891,High
CUST0062,1861.391099999999,Low
CUST0063,6478.122599999991,High
CUST0064,4442.438,High
CUST0065,5332.59849999999,High
CUST0066,4478.680500000005,High
CUST0067,2703.4313999999995,Medium
CUST0068,1554.6148000000003,Low
CUST0069,3373.147200000001,Medium
CUST0070,5036.619199999992,High
CUST0071,1914.6597,Low
CUST0072,1849.3644999999967,Low
CUST0073,3390.2786000000006,Medium
CUST0074,1630.0536000000006,Low
CUST0075,1473.2147000000011,Low
CUST0076,3408.8822999999998,Medium
CUST0077,1547.8581000000008,Low
CUST0078,3092.505699999998,Medium
CUST0079,2385.7824999999993,Low
CUST0080,2828.1695,Medium
CUST0081,5421.927599999996,High
CUST0082,4110.977800000001,Medium
CUST0083,4159.242700000005,Medium
CUST0084,3099.592799999999,Medium
CUST0085,4198.872100000002,Medium
CUST0086,5292.064800000005,High
CUST0087,4659.8088,High
CUST0088,2884.2326000000003,Medium
CUST0089,2212.4804999999997,Low
CUST0090,1816.3866000000025,Low
CUST0091,1796.7061999999987,Low
CUST0092,5432.006099999998,High
CUST0093,4723.236299999999,High
CUST0094,5072.645199999994,High
CUST0095,3104.6782000000003,Medium
CUST0096,5135.680099999999,High
CUST0097,2190.9081,Low
CUST0098,1196.2932000000012,Low
CUST0099,3322.4098000000026,Medium
CUST0100,4056.041499999992,Medium
CUST0101,3229.339799999997,Medium
CUST0102,4746.720000000001,High
CUST0103,1610.5968,Low
CUST0104,4860.430099999992,High
CUST0105,3646.835500000001,Medium
CUST0106,2857.768600000002,Medium
CUST0107,4368.485900000007,High
CUST0108,3387.651299999999,Medium
CUST0109,5246.507099999995,High
CUST0110,4570.596900000003,High
CUST0111,3282.587100000002,Medium
CUST0112,1689.2535999999984,Low
CUST0113,3973.0380999999975,Medium
CUST0114,2452.8474999999985,Low
CUST0115,1772.422199999999,Low
CUST0116,1269.9898999999998,Low
CUST0117,4073.8707999999924,Medium
CUST0118,4167.719599999994,Medium
CUST0119,1842.1680999999994,Low
CUST0120,5364.384100000005,High
CUST0121,5088.990699999996,High
CUST0122,1491.5222999999996,Low
CUST0123,2248.9291999999978,Low
CUST0124,4613.878999999995,High
CUST0125,2758.2905999999966,Medium
CUST0126,3429.5841000000055,Medium
CUST0127,1419.3641999999998,Low
CUST0128,2839.9790999999973,Medium
CUST0129,5122.9522,High
CUST0130,4711.643799999998,High
CUST0131,6597.958000000008,High
CUST0132,3851.2053999999957,Medium
CUST0133,5171.571799999995,High
CUST0134,3963.7563999999998,Medium
CUST0135,1714.0992999999987,Low
CUST0136,3046.3097000000007,Medium
CUST0137,1305.9338999999998,Low
CUST0138,4528.179599999998,High
CUST0139,3806.7129999999975,Medium
CUST0140,3788.232899999998,Medium
CUST0141,2906.3811,Medium
CUST0142,6662.8938000000035,High
CUST0143,4241.258899999997,Medium
CUST0144,2711.2505,Medium
CUST0145,4662.306499999995,High
CUST0146,2832.6172000000024,Medium
CUST0147,3415.4120999999973,Medium
CUST0148,3966.1725999999967,Medium
CUST0149,2462.447300000003,Low
CUST0150,4513.425599999999,High
CUST0151,1359.388299999998,Low
CUST0152,1568.6838999999998,Low
CUST0153,5472.409700000005,High
CUST0154,1304.762800000001,Low
CUST0155,6743.899099999996,High
CUST0156,5112.619899999993,High
CUST0157,2174.792500000002,Low
CUST0158,3127.6479999999997,Medium
CUST0159,1672.8482000000004,Low
CUST0160,3461.1378999999974,Medium
CUST0161,1723.4828000000002,Low
CUST0162,1766.4992999999993,Low
CUST0163,2130.197600000001,Low
CUST0164,3693.488200000001,Medium
CUST0165,5175.422100000006,High
CUST0166,5501.6946,High
CUST0167,3226.2134999999994,Medium
CUST0168,5107.809699999999,High
CUST0169,5645.875000000001,High
CUST0170,3534.4163000000012,Medium
CUST0171,4931.532099999998,High
CUST0172,4994.1802,High
CUST0173,2745.271500000003,Medium
CUST0174,5694.264300000001,High
CUST0175,4879.731399999999,High
CUST0176,5339.876800000004,High
CUST0177,4700.684399999994,High
CUST0178,2089.919999999998,Low
CUST0179,3302.5471000000002,Medium
CUST0180,1794.5368999999992,Low
CUST0181,5073.289400000006,High
CUST0182,2077.2513000000017,Low
CUST0183,8053.086500000002,High
CUST0184,1162.7605000000021,Low
CUST0185,2396.5296,Low
CUST0186,3968.2115999999974,Medium
CUST0187,7518.010499999991,High
CUST0188,1459.2322000000006,Low
CUST0189,3420.1103000000003,Medium
CUST0190,4523.119300000008,High
CUST0191,1524.4789000000005,Low
CUST0192,1883.5470999999995,Low
CUST0193,4527.031099999997,High
CUST0194,3122.583000000001,Medium
CUST0195,890.6203999999992,Low
CUST0196,4649.298299999996,High
CUST0197,5476.209200000005,High
CUST0198,4479.760900000004,High
CUST0199,2874.0700999999995,Medium
CUST0200,4944.4464,High
CUST0201,4543.845899999999,High
CUST0202,5257.569199999997,High
CUST0203,4094.9188000000054,Medium
CUST0204,5276.921299999993,High
CUST0205,4381.310900000006,High
CUST0206,1611.786500000001,Low
CUST0207,4166.029999999998,Medium
CUST0208,5139.946600000001,High
CUST0209,3544.8038999999985,Medium
CUST0210,3777.095,Medium
CUST0211,6296.769000000001,High
CUST0212,1785.6200000000008,Low
CUST0213,3606.818899999998,Medium
CUST0214,5565.545400000002,High
CUST0215,2157.915000000002,Low
CUST0216,1675.999600000001,Low
CUST0217,6480.584800000004,High
CUST0218,2287.3682999999983,Low
CUST0219,1868.302399999997,Low
CUST0220,5840.122800000004,High
CUST0221,5495.331799999998,High
CUST0222,4424.952799999999,High
CUST0223,5846.1904,High
CUST0224,1958.440499999999,Low
CUST0225,5611.039800000001,High
CUST0226,3643.692499999994,Medium
CUST0227,5313.220299999995,High
CUST0228,4305.491600000006,Medium
CUST0229,2485.1783999999966,Low
CUST0230,2488.6439000000014,Low
CUST0231,3190.6593000000053,Medium
CUST0232,5907.8517,High
CUST0233,3586.1902999999984,Medium
CUST0234,4389.978899999996,High
CUST0235,3792.700299999995,Medium
CUST0236,3484.639300000002,Medium
CUST0237,3939.960600000003,Medium
CUST0238,5364.3620999999985,High
CUST0239,5293.313299999993,High
CUST0240,6536.223999999998,High
CUST0241,7902.756499999996,High
CUST0242,2971.8056,Medium
CUST0243,3721.847700000003,Medium
CUST0244,6261.4136,High
CUST0245,4442.7768,High
CUST0246,3785.3954000000044,Medium
CUST0247,5445.545000000001,High
CUST0248,3772.571000000001,Medium
CUST0249,2385.7416000000003,Low
CUST0250,2888.9411,Medium
CUST0251,3901.325899999996,Medium
CUST0252,5048.027100000003,High
CUST0253,5187.574499999999,High
CUST0254,4589.8224000000055,High
CUST0255,5460.367499999998,High
CUST0256,2990.521399999996,Medium
CUST0257,5511.5872000000045,High
CUST0258,4477.776700000006,High
CUST0259,1817.6779999999978,Low
CUST0260,3899.648399999999,Medium
CUST0261,2935.8042000000005,Medium
CUST0262,3238.9282000000003,Medium
CUST0263,3676.3475000000008,Medium
CUST0264,3464.976700000002,Medium
CUST0265,1869.908400000003,Low
CUST0266,3458.1301000000003,Medium
CUST0267,1258.1442000000013,Low
CUST0268,4551.474299999998,High
CUST0269,7548.71390000001,High
CUST0270,4952.778600000004,High
CUST0271,2996.0836,Medium
CUST0272,945.0780000000007,Low
CUST0273,1595.3765000000003,Low
CUST0274,2824.738999999999,Medium
CUST0275,2127.7893000000017,Low
CUST0276,4393.556800000002,High
CUST0277,2766.1842999999963,Medium
CUST0278,5091.243599999998,High
CUST0279,3293.440499999995,Medium
CUST0280,2677.5588999999973,Medium
CUST0281,4750.006599999998,High
CUST0282,2168.104900000001,Low
CUST0283,2269.037200000003,Low
CUST0284,3075.039400000001,Medium
CUST0285,4132.559300000001,Medium
CUST0286,3666.4659,Medium
CUST0287,2348.4523999999974,Low
CUST0288,3468.800299999998,Medium
CUST0289,2165.8327000000004,Low
CUST0290,1483.7278999999999,Low
CUST0291,7480.306999999992,High
CUST0292,5221.078500000008,High
CUST0293,2494.4353999999994,Low
CUST0294,4465.606900000007,High
CUST0295,1488.4888999999994,Low
CUST0296,7883.659399999996,High
CUST0297,1775.547000000001,Low
CUST0298,1380.8287000000012,Low
CUST0299,3509.811399999999,Medium
CUST0300,3005.0861999999997,Medium
CUST0301,5285.173400000007,High
CUST0302,1341.8791999999999,Low
CUST0303,3511.2623,Medium
CUST0304,3242.132400000005,Medium
CUST0305,2227.3953999999985,Low
CUST0306,6116.9729000000025,High
CUST0307,1401.4144000000006,Low
CUST0308,3107.9706000000006,Medium
CUST0309,5780.399100000002,High
CUST0310,2102.9930000000004,Low
CUST0311,4056.8128,Medium
CUST0312,5638.085299999998,High
CUST0313,2040.4522000000006,Low
CUST0314,5942.880100000004,High
CUST0315,4119.338799999999,Medium
CUST0316,2934.8794000000034,Medium
CUST0317,3477.999700000003,Medium
CUST0318,2082.7225,Low
CUST0319,3470.1553999999987,Medium
CUST0320,6384.166500000005,High
CUST0321,2484.213800000001,Low
CUST0322,5019.843399999997,High
CUST0323,5221.630500000003,High
CUST0324,3421.5368999999955,Medium
CUST0325,3277.103599999998,Medium
CUST0326,3856.433800000003,Medium
CUST0327,1448.937699999999,Low
CUST0328,4514.160000000002,High
CUST0329,2202.0310000000004,Low
CUST0330,1373.5694999999987,Low
CUST0331,928.1847000000007,Low
CUST0332,3092.8964999999985,Medium
CUST0333,4137.504400000002,Medium
CUST0334,3699.9334000000003,Medium
CUST0335,4136.150099999996,Medium
CUST0336,5512.828300000002,High
CUST0337,5261.6268999999975,High
CUST0338,2885.545899999999,Medium
CUST0339,1328.8639999999994,Low
CUST0340,4689.419700000003,High
CUST0341,3450.7756000000013,Medium
CUST0342,1641.7716999999989,Low
CUST0343,2020.8247000000024,Low
CUST0344,1231.787799999999,Low
CUST0345,5158.201800000003,High
CUST0346,3114.2179000000033,Medium
CUST0347,3394.1559000000016,Medium
CUST0348,3215.9293999999995,Medium
CUST0349,2995.913700000002,Medium
CUST0350,4860.135600000006,High
CUST0351,3558.667899999998,Medium
CUST0352,4724.476300000003,High
CUST0353,4012.497600000003,Medium
CUST0354,5862.0272,High
CUST0355,2377.5397999999977,Low
CUST0356,2618.7453000000005,Low
CUST0357,1351.9791999999995,Low
CUST0358,1024.7275000000002,Low
CUST0359,3396.7337000000034,Medium
CUST0360,3254.5048999999985,Medium
CUST0361,3438.3390000000004,Medium
CUST0362,2066.489600000001,Low
CUST0363,5993.584700000004,High
CUST0364,4939.0565000000015,High
CUST0365,5181.047499999998,High
CUST0366,3287.8193,Medium
CUST0367,5011.385500000004,High
CUST0368,4594.583400000002,High
CUST0369,3926.561800000002,Medium
CUST0370,2364.6536000000006,Low
CUST0371,4331.724099999998,Medium
CUST0372,3762.0148000000004,Medium
CUST0373,4710.070200000009,High
CUST0374,2070.790899999997,Low
CUST0375,1788.5290999999988,Low
CUST0376,5441.193699999998,High
CUST0377,5675.581899999993,High
CUST0378,3671.9789000000005,Medium
CUST0379,2450.0999999999967,Low
CUST0380,4621.962299999996,High
CUST0381,4688.884799999996,High
CUST0382,2664.9260999999956,Medium
CUST0383,7790.6012,High
CUST0384,2189.825399999999,Low
CUST0385,2539.0433999999996,Low
CUST0386,4348.879699999996,High
CUST0387,2205.415700000002,Low
CUST0388,5999.650500000001,High
CUST0389,6676.022500000005,High
CUST0390,5295.580800000003,High
CUST0391,1745.1492999999982,Low
CUST0392,1737.1414000000013,Low
CUST0393,2394.0855000000024,Low
CUST0394,2717.570100000001,Medium
CUST0395,4196.612099999993,Medium
CUST0396,5081.662599999999,High
CUST0397,4761.762900000004,High
CUST0398,5199.571999999994,High
CUST0399,4920.376400000004,High
CUST0400,3366.583499999999,Medium
CUST0401,3529.020499999997,Medium
CUST0402,5988.52150000001,High
CUST0403,2716.3264000000036,Medium
CUST0404,2075.421200000003,Low
CUST0405,3535.7779000000023,Medium
CUST0406,6165.335800000006,High
CUST0407,1712.5908999999979,Low
CUST0408,4704.442100000006,High
CUST0409,5362.966300000001,High
CUST0410,3482.523099999996,Medium
CUST0411,1485.0341000000017,Low
CUST0412,2235.1653000000006,Low
CUST0413,4117.250600000002,Medium
CUST0414,3369.042299999999,Medium
CUST0415,5675.114300000002,High
CUST0416,4606.262200000001,High
CUST0417,2022.9428999999986,Low
CUST0418,2137.039999999998,Low
CUST0419,4517.581400000003,High
CUST0420,2240.085800000002,Low
CUST0421,3717.7156000000023,Medium
CUST0422,2423.1236000000026,Low
CUST0423,1642.4431000000002,Low
CUST0424,2321.291799999998,Low
CUST0425,2596.6691000000037,Low
CUST0426,3289.4215000000004,Medium
CUST0427,2322.4154999999982,Low
CUST0428,5210.339600000003,High
CUST0429,5640.5749,High
CUST0430,2419.4841999999994,Low
CUST0431,5295.057200000009,High
CUST0432,3391.3820999999984,Medium
CUST0433,3494.2646000000004,Medium
CUST0434,4997.490899999997,High
CUST0435,4676.030799999995,High
CUST0436,4527.438899999997,High
CUST0437,1394.1635000000003,Low
CUST0438,1393.6688000000006,Low
CUST0439,5159.104500000003,High
CUST0440,2244.7139000000006,Low
CUST0441,2017.8609000000024,Low
CUST0442,5472.278700000006,High
CUST0443,4967.696300000004,High
CUST0444,5017.699500000004,High
CUST0445,2227.3587999999986,Low
CUST0446,5227.2485,High
CUST0447,2216.5846999999994,Low
CUST0448,1621.9886000000022,Low
CUST0449,4278.992600000002,Medium
CUST0450,1480.8469999999988,Low
CUST0451,3348.4042999999983,Medium
CUST0452,5314.238499999999,High
CUST0453,2504.020499999999,Low
CUST0454,1483.2056999999993,Low
CUST0455,2590.9589999999994,Low
CUST0456,3610.985699999998,Medium
CUST0457,2699.6445000000012,Medium
CUST0458,4871.207999999996,High
CUST0459,4529.853300000004,High
CUST0460,2814.565100000003,Medium
CUST0461,5445.784899999996,High
CUST0462,1480.8341999999982,Low
CUST0463,2093.5919999999987,Low
CUST0464,5381.900500000005,High
CUST0465,1545.761999999999,Low
CUST0466,3482.6824000000006,Medium
CUST0467,3496.019999999998,Medium
CUST0468,5528.6425,High
CUST0469,1722.8850999999988,Low
CUST0470,4453.508600000004,High
CUST0471,2837.222900000001,Medium
CUST0472,3137.6255000000015,Medium
CUST0473,1975.4723999999976,Low
CUST0474,5467.969099999999,High
CUST0475,2455.7043999999996,Low
CUST0476,1568.5114000000021,Low
CUST0477,3809.240899999999,Medium
CUST0478,4621.839799999996,High
CUST0479,4682.908099999998,High
CUST0480,2581.1455999999994,Low
CUST0481,4375.143000000002,High
CUST0482,3862.784499999999,Medium
CUST0483,4523.8084000000035,High
CUST0484,4867.712099999997,High
CUST0485,2109.1128999999996,Low
CUST0486,2165.9817000000025,Low
CUST0487,6479.4950999999965,High
CUST0488,5692.218999999992,High
CUST0489,2573.1513000000054,Low
CUST0490,3019.561599999999,Medium
CUST0491,2677.244599999997,Medium
CUST0492,3365.186000000002,Medium
CUST0493,5161.848399999994,High
CUST0494,4913.9912,High
CUST0495,2506.1766000000002,Low
CUST0496,2279.547300000003,Low
CUST0497,2832.6222,Medium
CUST0498,2420.938499999997,Low
CUST0499,1209.2673000000013,Low
CUST0500,3081.5798999999993,Medium
CUST0501,1815.5730000000005,Low
CUST0502,2081.486399999997,Low
CUST0503,3537.350800000004,Medium
CUST0504,1972.959499999997,Low
CUST0505,1485.6746000000028,Low
CUST0506,2117.307399999998,Low
CUST0507,2856.8815999999974,Medium
CUST0508,4170.976099999994,Medium
CUST0509,2154.492200000003,Low
CUST0510,4127.489199999995,Medium
CUST0511,5704.867699999993,High
CUST0512,3364.6752,Medium
CUST0513,4455.731500000005,High
CUST0514,4640.7106,High
CUST0515,5068.852299999993,High
CUST0516,1840.7005000000001,Low
CUST0517,2709.9630999999977,Medium
CUST0518,3283.997900000002,Medium
CUST0519,3338.159999999999,Medium
CUST0520,872.109299999999,Low
CUST0521,4273.8201999999965,Medium
CUST0522,5139.638200000002,High
CUST0523,2083.4913999999994,Low
CUST0524,3591.5220999999983,Medium
CUST0525,2441.5858999999964,Low
CUST0526,4953.147,High
CUST0527,2624.2171000000003,Low
CUST0528,3304.6618999999982,Medium
CUST0529,7238.351299999998,High
CUST0530,4631.721099999998,High
CUST0531,8417.017500000004,High
CUST0532,3253.9453000000008,Medium
CUST0533,3707.2342000000035,Medium
CUST0534,3478.4384999999975,Medium
CUST0535,2046.1718000000008,Low
CUST0536,3562.7969999999955,Medium
CUST0537,2398.879899999998,Low
CUST0538,3288.497700000003,Medium
CUST0539,5883.042800000001,High
CUST0540,8346.422399999989,High
CUST0541,3828.085199999995,Medium
CUST0542,2836.328800000005,Medium
CUST0543,3669.6463,Medium
CUST0544,5192.131200000001,High
CUST0545,1521.9465000000002,Low
CUST0546,7908.35780000001,High
CUST0547,2550.2879999999986,Low
CUST0548,6549.561099999995,High
CUST0549,4493.665799999998,High
CUST0550,5770.633500000002,High
CUST0551,2539.1469000000043,Low
CUST0552,1368.258100000001,Low
CUST0553,3076.6762000000017,Medium
CUST0554,2647.9645999999975,Low
CUST0555,1245.3988000000008,Low
CUST0556,4299.121000000006,Medium
CUST0557,3506.3015999999984,Medium
CUST0558,4858.845100000003,High
CUST0559,4802.154000000002,High
CUST0560,2367.9510999999975,Low
CUST0561,5811.474800000001,High
CUST0562,1513.156400000001,Low
CUST0563,2150.1074000000012,Low
CUST0564,3305.2295000000013,Medium
CUST0565,4564.5251000000035,High
CUST0566,1932.4537000000016,Low
CUST0567,3248.2521000000033,Medium
CUST0568,3124.210899999997,Medium
CUST0569,2359.725600000002,Low
CUST0570,4117.599500000005,Medium
CUST0571,5127.119700000001,High
CUST0572,5281.102499999995,High
CUST0573,1058.6433999999983,Low
CUST0574,2279.2976999999983,Low
CUST0575,1760.6961999999978,Low
CUST0576,3264.359199999996,Medium
CUST0577,3038.753400000002,Medium
CUST0578,1911.088800000002,Low
CUST0579,5905.345900000001,High
CUST0580,5003.945399999994,High
CUST0581,986.3475999999996,Low
CUST0582,2744.298099999998,Medium
CUST0583,4425.215200000002,High
CUST0584,2874.5633999999995,Medium
CUST0585,4758.744700000003,High
CUST0586,4674.188300000005,High
CUST0587,5966.669600000001,High
CUST0588,3248.4019000000026,Medium
CUST0589,2580.921700000005,Low
CUST0590,4726.870600000003,High
CUST0591,3363.842200000001,Medium
CUST0592,4666.1680000000015,High
CUST0593,2868.3161999999993,Medium
CUST0594,1735.812499999999,Low
CUST0595,3141.5796000000014,Medium
CUST0596,3208.7122999999997,Medium
CUST0597,5015.650399999994,High
CUST0598,2641.980199999997,Low
CUST0599,3125.591400000001,Medium
CUST0600,1687.2314000000001,Low
CUST0601,3626.0891999999967,Medium
CUST0602,1802.4876000000002,Low
CUST0603,4115.585900000002,Medium
CUST0604,6384.386800000005,High
CUST0605,4309.147499999999,Medium
CUST0606,4746.098599999994,High
CUST0607,1090.303399999999,Low
CUST0608,2738.2712000000015,Medium
CUST0609,6287.497499999995,High
CUST0610,1418.761899999999,Low
CUST0611,2544.7192999999975,Low
CUST0612,4107.223600000001,Medium
CUST0613,2792.069399999997,Medium
CUST0614,5813.712400000001,High
CUST0615,1801.311400000001,Low
CUST0616,5342.189600000004,High
CUST0617,3312.753700000003,Medium
CUST0618,4773.3964000000005,High
CUST0619,1892.3506000000002,Low
CUST0620,4644.362500000005,High
CUST0621,5209.772099999995,High
CUST0622,3499.9203999999972,Medium
CUST0623,2265.131400000001,Low
CUST0624,3480.2806000000046,Medium
CUST0625,4765.532399999993,High
CUST0626,3638.8731999999936,Medium
CUST0627,6021.735699999999,High
CUST0628,2141.407,Low
CUST0629,3415.840700000001,Medium
CUST0630,4782.345200000004,High
CUST0631,4460.255800000003,High
CUST0632,6712.807300000012,High
CUST0633,4509.461799999995,High
CUST0634,3909.7394999999956,Medium
CUST0635,1154.627900000002,Low
CUST0636,1723.8691999999999,Low
CUST0637,4996.922199999997,High
CUST0638,3826.542099999996,Medium
CUST0639,2580.689999999998,Low
CUST0640,1867.9359000000027,Low
CUST0641,2287.909899999999,Low
CUST0642,7498.457800000004,High
CUST0643,2581.8380999999954,Low
CUST0644,2942.368500000001,Medium
CUST0645,4614.6265,High
CUST0646,4881.358800000003,High
CUST0647,3819.8684999999973,Medium
CUST0648,5455.473999999999,High
CUST0649,2334.391099999998,Low
CUST0650,3127.456700000002,Medium
CUST0651,4911.4049,High
CUST0652,7304.6824000000015,High
CUST0653,1602.5044,Low
CUST0654,986.9673000000013,Low
CUST0655,2306.9188000000026,Low
CUST0656,3320.2859000000003,Medium
CUST0657,5007.8613000000005,High
CUST0658,1230.3558999999984,Low
CUST0659,3127.675199999996,Medium
CUST0660,2834.244900000004,Medium
CUST0661,1773.1136000000001,Low
CUST0662,3493.5802000000003,Medium
CUST0663,1599.7691999999997,Low
CUST0664,3788.8232000000003,Medium
CUST0665,3345.8567999999996,Medium
CUST0666,2652.830299999997,Low
CUST0667,2089.6825999999996,Low
CUST0668,6418.135900000002,High
CUST0669,3376.4901000000013,Medium
CUST0670,5731.949900000002,High
CUST0671,1638.6922999999997,Low
CUST0672,1221.0573000000004,Low
CUST0673,1226.8350999999998,Low
CUST0674,1707.4711999999972,Low
CUST0675,3187.6749,Medium
CUST0676,4367.681699999999,High
CUST0677,3719.3345000000027,Medium
CUST0678,3396.2315000000012,Medium
CUST0679,2400.2735999999986,Low
CUST0680,1710.0450000000021,Low
CUST0681,4817.992599999996,High
CUST0682,3232.386299999997,Medium
CUST0683,5654.977999999998,High
CUST0684,5110.474300000004,High
CUST0685,1497.473300000002,Low
CUST0686,2800.9900000000025,Medium
CUST0687,6500.2216000000035,High
CUST0688,4679.954799999999,High
CUST0689,4173.672200000002,Medium
CUST0690,4454.0233,High
CUST0691,1886.300100000001,Low
CUST0692,5353.994499999992,High
CUST0693,1236.2191999999993,Low
CUST0694,5325.067899999997,High
CUST0695,4955.546100000004,High
CUST0696,2306.775499999998,Low
CUST0697,3645.8751999999995,Medium
CUST0698,2344.872299999999,Low
CUST0699,4342.990600000003,High
CUST0700,3897.1278999999945,Medium
CUST0701,4063.938099999994,Medium
CUST0702,3105.994800000001,Medium
CUST0703,8056.261200000008,High
CUST0704,3056.16,Medium
CUST0705,1969.9869999999983,Low
CUST0706,3822.9881999999966,Medium
CUST0707,2060.1950000000024,Low
CUST0708,1258.4885999999992,Low
CUST0709,1630.3383999999996,Low
CUST0710,1770.1559000000002,Low
CUST0711,5000.811199999993,High
CUST0712,4769.414500000001,High
CUST0713,3353.8589999999967,Medium
CUST0714,3532.3826999999997,Medium
CUST0715,2128.7942999999996,Low
CUST0716,2611.5281000000045,Low
CUST0717,4611.080999999998,High
CUST0718,3863.249799999996,Medium
CUST0719,5975.560600000002,High
CUST0720,3888.8826999999997,Medium
CUST0721,3166.493200000004,Medium
CUST0722,4974.775400000002,High
CUST0723,4232.354699999997,Medium
CUST0724,5227.580799999998,High
CUST0725,1015.9080000000014,Low
CUST0726,4196.7193000000025,Medium
CUST0727,4166.138799999997,Medium
CUST0728,5554.066199999996,High
CUST0729,1867.2802,Low
CUST0730,6827.736300000003,High
CUST0731,6860.809799999996,High
CUST0732,2632.320599999998,Low
CUST0733,5512.9106,High
CUST0734,2277.4579000000012,Low
CUST0735,1286.9303000000011,Low
CUST0736,1207.6327999999987,Low
CUST0737,1358.292300000002,Low
CUST0738,5087.371899999997,High
CUST0739,1404.0674999999997,Low
CUST0740,3185.5848999999994,Medium
CUST0741,1518.8474,Low
CUST0742,2315.913000000001,Low
CUST0743,1788.7929000000013,Low
CUST0744,4680.468900000008,High
CUST0745,2056.6333999999965,Low
CUST0746,3438.553299999999,Medium
CUST0747,4552.2391000000025,High
CUST0748,1061.1738999999998,Low
CUST0749,3895.0150999999955,Medium
CUST0750,1023.7505,Low
CUST0751,2600.0804999999978,Low
CUST0752,1329.3209000000022,Low
CUST0753,3470.542700000002,Medium
CUST0754,3696.578,Medium
CUST0755,4529.885799999995,High
CUST0756,2649.425400000003,Low
CUST0757,6395.6410000000005,High
CUST0758,2541.7789999999964,Low
CUST0759,5009.526899999994,High
CUST0760,1991.1339000000014,Low
CUST0761,1979.7703999999985,Low
CUST0762,2233.2520999999983,Low
CUST0763,1936.690800000001,Low
CUST0764,2985.146100000004,Medium
CUST0765,5015.872599999995,High
CUST0766,1536.8637999999985,Low
CUST0767,4598.077300000009,High
CUST0768,4752.5807,High
CUST0769,4582.508699999997,High
CUST0770,1932.1760999999972,Low
CUST0771,4049.8973000000005,Medium
CUST0772,5994.074999999999,High
CUST0773,4146.413400000004,Medium
CUST0774,3798.6682999999957,Medium
CUST0775,2133.8635999999997,Low
CUST0776,2383.6669000000034,Low
CUST0777,3422.8969999999977,Medium
CUST0778,4882.572099999993,High
CUST0779,1441.007200000002,Low
CUST0780,3771.1377,Medium
CUST0781,3696.831100000002,Medium
CUST0782,3914.8228999999965,Medium
CUST0783,5285.670499999998,High
CUST0784,4967.283299999997,High
CUST0785,3957.4359999999956,Medium
CUST0786,7630.866099999993,High
CUST0787,1706.8262000000009,Low
CUST0788,2643.7569999999996,Low
CUST0789,3001.7685,Medium
CUST0790,1399.6629999999993,Low
CUST0791,1671.639199999999,Low
CUST0792,1977.4441000000006,Low
CUST0793,5422.795600000009,High
CUST0794,1423.9311000000007,Low
CUST0795,5482.927100000009,High
CUST0796,1732.1274999999973,Low
CUST0797,6322.916999999991,High
CUST0798,5044.208599999993,High
CUST0799,1270.5341999999994,Low
CUST0800,5146.197199999994,High
CUST0801,3762.6771000000003,Medium
CUST0802,5653.552699999991,High
CUST0803,2886.7838000000006,Medium
CUST0804,5304.498400000002,High
CUST0805,5910.040400000009,High
CUST0806,3202.524300000003,Medium
CUST0807,1180.7188000000017,Low
CUST0808,4778.5844999999945,High
CUST0809,2167.642600000001,Low
CUST0810,3421.701199999996,Medium
CUST0811,1196.4112000000005,Low
CUST0812,4056.861800000001,Medium
CUST0813,5148.549000000003,High
CUST0814,3298.6013000000003,Medium
CUST0815,3439.020800000003,Medium
CUST0816,5546.268100000002,High
CUST0817,4588.046399999998,High
CUST0818,4132.041499999996,Medium
CUST0819,2502.872099999998,Low
CUST0820,3710.940199999999,Medium
CUST0821,5027.701099999998,High
CUST0822,1753.1935,Low
CUST0823,1481.3540000000005,Low
CUST0824,2716.3492000000006,Medium
CUST0825,1813.589899999997,Low
CUST0826,2622.5900000000024,Low
CUST0827,5137.654700000001,High
CUST0828,1480.0604000000003,Low
CUST0829,4873.974499999993,High
CUST0830,2373.602,Low
CUST0831,5438.220699999997,High
CUST0832,4427.790100000005,High
CUST0833,1589.5257999999997,Low
CUST0834,3705.1634999999987,Medium
CUST0835,2070.5715000000027,Low
CUST0836,4748.195800000004,High
CUST0837,4699.601900000005,High
CUST0838,3410.6535,Medium
CUST0839,3266.2211999999963,Medium
CUST0840,2234.0997999999972,Low
CUST0841,4436.076900000001,High
CUST0842,2046.2979999999984,Low
CUST0843,2350.8708000000024,Low
CUST0844,3128.4310000000037,Medium
CUST0845,1639.8824,Low
CUST0846,5255.5346,High
CUST0847,1576.3230000000017,Low
CUST0848,3661.2018999999964,Medium
CUST0849,1901.3475999999982,Low
CUST0850,2089.1693,Low
CUST0851,5206.645400000008,High
CUST0852,6430.3790999999965,High
CUST0853,6222.74900000001,High
CUST0854,1597.1617999999987,Low
CUST0855,1528.4478000000004,Low
CUST0856,3392.544199999996,Medium
CUST0857,2964.002100000002,Medium
CUST0858,1594.587400000003,Low
CUST0859,4859.924700000004,High
CUST0860,3662.8351000000007,Medium
CUST0861,5043.151699999997,High
CUST0862,5416.771300000007,High
CUST0863,7565.411600000003,High
CUST0864,1052.3777999999993,Low
CUST0865,1766.6309999999985,Low
CUST0866,2837.223200000001,Medium
CUST0867,3184.0800000000004,Medium
CUST0868,3713.2671999999993,Medium
CUST0869,3285.8256000000047,Medium
CUST0870,3790.5340999999958,Medium
CUST0871,3503.966000000003,Medium
CUST0872,1129.3866999999993,Low
CUST0873,2635.9669000000035,Low
CUST0874,3107.304499999998,Medium
CUST0875,3983.845899999998,Medium
CUST0876,1667.8987000000006,Low
CUST0877,3282.3894999999993,Medium
CUST0878,5470.133800000003,High
CUST0879,2867.995800000002,Medium
CUST0880,1681.247399999999,Low
CUST0881,4053.8013000000037,Medium
CUST0882,2347.964899999998,Low
CUST0883,5094.824899999994,High
CUST0884,1952.8116,Low
CUST0885,3251.9665999999993,Medium
CUST0886,1103.059099999999,Low
CUST0887,3620.736199999997,Medium
CUST0888,3716.6583000000037,Medium
CUST0889,2411.165699999999,Low
CUST0890,1854.7208999999991,Low
CUST0891,2884.7326999999977,Medium
CUST0892,2643.285300000001,Low
CUST0893,3513.4702999999995,Medium
CUST0894,2104.678900000001,Low
CUST0895,4338.022100000001,High
CUST0896,4736.559299999993,High
CUST0897,3749.544699999996,Medium
CUST0898,1056.9230999999997,Low
CUST0899,3064.2599999999975,Medium
CUST0900,4529.573300000002,High
CUST0901,3893.1818999999996,Medium
CUST0902,4271.8042,Medium
CUST0903,2539.3726999999985,Low
CUST0904,4458.498199999995,High
CUST0905,2018.8020000000022,Low
CUST0906,4849.276499999995,High
CUST0907,3200.667900000003,Medium
CUST0908,2322.0445999999997,Low
CUST0909,3052.5312999999996,Medium
CUST0910,2386.143699999997,Low
CUST0911,5661.9405999999935,High
CUST0912,1703.0483000000015,Low
CUST0913,1654.6813999999993,Low
CUST0914,2444.953299999999,Low
CUST0915,3895.7522999999997,Medium
CUST0916,3441.983799999999,Medium
CUST0917,3218.197100000002,Medium
CUST0918,2087.7718,Low
CUST0919,6539.798400000001,High
CUST0920,3442.6605000000004,Medium
CUST0921,1501.0672000000022,Low
CUST0922,4276.589299999999,Medium
CUST0923,4637.338599999996,High
CUST0924,2240.689499999996,Low
CUST0925,4352.5026,High
CUST0926,2486.608400000004,Low
CUST0927,4391.546199999993,High
CUST0928,5787.312199999991,High
CUST0929,1942.1649,Low
CUST0930,4266.366099999996,Medium
CUST0931,4501.959900000003,High
CUST0932,6767.651399999999,High
CUST0933,2248.6614000000027,Low
CUST0934,3531.5500000000065,Medium
CUST0935,3540.183500000002,Medium
CUST0936,5039.053600000006,High
CUST0937,5308.5235999999995,High
CUST0938,2247.4850999999994,Low
CUST0939,3057.736099999999,Medium
CUST0940,3372.2436000000002,Medium
CUST0941,4116.0981000000065,Medium
CUST0942,3021.712200000002,Medium
CUST0943,3640.0676999999996,Medium
CUST0944,5468.441399999994,High
CUST0945,1696.5953999999997,Low
CUST0946,2074.5123000000017,Low
CUST0947,2848.0103000000013,Medium
CUST0948,3351.2526000000007,Medium
CUST0949,1574.8007,Low
CUST0950,1351.7091999999986,Low
CUST0951,5060.284399999996,High
CUST0952,4150.133399999992,Medium
CUST0953,3090.005900000001,Medium
CUST0954,4047.5126999999966,Medium
CUST0955,2072.6247999999982,Low
CUST0956,5172.815399999991,High
CUST0957,4796.237700000005,High
CUST0958,3019.243000000004,Medium
CUST0959,2207.282699999998,Low
CUST0960,1865.1521999999995,Low
CUST0961,1478.9539000000002,Low
CUST0962,3958.7732000000046,Medium
CUST0963,4306.104999999993,Medium
CUST0964,5052.786300000007,High
CUST0965,3503.791699999999,Medium
CUST0966,3308.4434999999985,Medium
CUST0967,5110.845099999993,High
CUST0968,3359.648899999999,Medium
CUST0969,3223.028000000003,Medium
CUST0970,5387.9887999999955,High
CUST0971,2520.116400000002,Low
CUST0972,5130.713600000004,High
CUST0973,5379.646299999998,High
CUST0974,4763.2231999999985,High
CUST0975,5362.819100000001,High
CUST0976,3573.8722000000057,Medium
CUST0977,4081.2620000000047,Medium
CUST0978,1608.1009,Low
CUST0979,1502.0620000000008,Low
CUST0980,3474.824900000003,Medium
CUST0981,3774.3127999999997,Medium
CUST0982,1916.1740000000018,Low
CUST0983,1621.8999999999996,Low
CUST0984,1748.9125999999983,Low
CUST0985,6687.156799999993,High
CUST0986,5105.693899999996,High
CUST0987,3544.8494999999984,Medium
CUST0988,5064.6725999999935,High
CUST0989,6104.3889,High
CUST0990,4622.282,High
CUST0991,3470.277799999998,Medium
CUST0992,4323.421599999998,Medium
CUST0993,2364.8075,Low
CUST0994,5606.898,High
CUST0995,2445.239599999998,Low
CUST0996,3617.5434000000005,Medium
CUST0997,3479.741099999999,Medium
CUST0998,2131.1548000000025,Low
CUST0999,2403.841599999999,Low
CUST1000,5536.721300000001,High
